-- phpMyAdmin SQL Dump
-- version 5.1.0
-- https://www.phpmyadmin.net/
--
-- Host: 127.0.0.1
-- Waktu pembuatan: 11 Jan 2022 pada 01.21
-- Versi server: 10.4.19-MariaDB
-- Versi PHP: 7.3.28

SET SQL_MODE = "NO_AUTO_VALUE_ON_ZERO";
START TRANSACTION;
SET time_zone = "+00:00";


/*!40101 SET @OLD_CHARACTER_SET_CLIENT=@@CHARACTER_SET_CLIENT */;
/*!40101 SET @OLD_CHARACTER_SET_RESULTS=@@CHARACTER_SET_RESULTS */;
/*!40101 SET @OLD_COLLATION_CONNECTION=@@COLLATION_CONNECTION */;
/*!40101 SET NAMES utf8mb4 */;

--
-- Database: `db_lara_vue1`
--

-- --------------------------------------------------------

--
-- Struktur dari tabel `action_services`
--

CREATE TABLE `action_services` (
  `id` bigint(20) UNSIGNED NOT NULL,
  `service_uuid` char(36) COLLATE utf8mb4_unicode_ci NOT NULL,
  `treatment_id` bigint(20) UNSIGNED NOT NULL,
  `treatment_type` varchar(255) COLLATE utf8mb4_unicode_ci NOT NULL,
  `examination_action_id` bigint(20) UNSIGNED NOT NULL,
  `amount` int(11) NOT NULL,
  `treatment_time` datetime NOT NULL,
  `officer_id` bigint(20) UNSIGNED NOT NULL,
  `rate` text COLLATE utf8mb4_unicode_ci NOT NULL,
  `created_at` timestamp NULL DEFAULT NULL,
  `updated_at` timestamp NULL DEFAULT NULL
) ENGINE=InnoDB DEFAULT CHARSET=utf8mb4 COLLATE=utf8mb4_unicode_ci;

--
-- Dumping data untuk tabel `action_services`
--

INSERT INTO `action_services` (`id`, `service_uuid`, `treatment_id`, `treatment_type`, `examination_action_id`, `amount`, `treatment_time`, `officer_id`, `rate`, `created_at`, `updated_at`) VALUES
(11, '9d33a898-1bbd-412f-a932-0c2d81b3f0d3', 1, 'App\\Models\\ActionService', 1, 12, '2021-12-09 00:00:00', 1, '{\"KELAS_I\":{\"SARANA\":\"0\",\"PELAYANAN\":\"25000\",\"BHP\":\"0\"}}', '2021-12-07 20:27:22', '2021-12-07 20:27:22'),
(12, '8243892b-836f-4bad-824b-3a54bf54592f', 1, 'App\\Models\\OutPatient', 1, 12, '2021-12-16 00:00:00', 3, '{\"SARANA\":\"0\",\"PELAYANAN\":\"25000\",\"BHP\":\"0\"}', '2021-12-14 00:29:11', '2021-12-14 00:29:11'),
(13, 'f29c2f83-b969-488e-a774-2fa210dd152f', 1, 'App\\Models\\OutPatient', 1, 111, '2021-12-16 00:00:00', 2, '{\"SARANA\":\"0\",\"PELAYANAN\":\"25000\",\"BHP\":\"0\"}', '2021-12-14 00:30:11', '2021-12-14 00:30:11'),
(14, 'ce9705d5-3a30-4b79-a752-4784e52eb913', 1, 'App\\Models\\OutPatient', 1, 333, '2021-12-16 00:00:00', 3, '{\"SARANA\":\"0\",\"PELAYANAN\":\"25000\",\"BHP\":\"0\"}', '2021-12-14 00:32:06', '2021-12-14 00:32:06'),
(15, '2a4e2b05-3e28-4a51-a5df-f75ee5241334', 2, 'App\\Models\\OutPatient', 1, 13, '2021-12-15 00:00:00', 2, '{\"KELAS_I\":{\"SARANA\":\"0\",\"PELAYANAN\":\"25000\",\"BHP\":\"0\"}}', '2021-12-14 01:34:15', '2021-12-14 01:34:15'),
(16, '11006b6c-5d4e-457d-abef-18268eb0a655', 1, 'App\\Models\\OutPatient', 1, 1, '2021-12-22 00:00:00', 2, '{\"SARANA\":\"0\",\"PELAYANAN\":\"25000\",\"BHP\":\"0\"}', '2021-12-22 02:23:32', '2021-12-22 02:23:32'),
(17, 'b1c8f7d3-6b8c-4577-add1-b01bf61bcff3', 1, 'App\\Models\\OutPatient', 3, 4, '2021-12-24 00:00:00', 2, '{\"KELAS_I\":{\"SARANA\":\"0\",\"PELAYANAN\":\"25000\",\"BHP\":\"0\"}}', '2021-12-23 19:58:18', '2021-12-23 19:58:18'),
(18, '39698f03-6504-46ee-bd36-f9a396655900', 1, 'App\\Models\\OutPatient', 3, 4, '2021-12-24 00:00:00', 2, '{\"KELAS_I\":{\"SARANA\":\"0\",\"PELAYANAN\":\"25000\",\"BHP\":\"0\"}}', '2021-12-23 19:59:13', '2021-12-23 19:59:13'),
(19, 'a328278b-fd29-47aa-a0f1-dd1380e55ac2', 1, 'App\\Models\\OutPatient', 2, 3, '2021-12-17 00:00:00', 3, '{\"KELAS_I\":{\"SARANA\":\"0\",\"PELAYANAN\":\"25000\",\"BHP\":\"0\"}}', '2021-12-23 20:04:29', '2021-12-23 20:04:29'),
(21, 'b3d44aaf-ab87-400b-ab1b-6a96ff013d6b', 1, 'App\\Models\\OutPatient', 3, 12, '2022-01-06 00:00:00', 2, '{\"KELAS_I\":{\"SARANA\":\"0\",\"PELAYANAN\":\"25000\",\"BHP\":\"0\"}}', '2022-01-04 20:59:01', '2022-01-04 20:59:01');

-- --------------------------------------------------------

--
-- Struktur dari tabel `diagnostic_services`
--

CREATE TABLE `diagnostic_services` (
  `id` bigint(20) UNSIGNED NOT NULL,
  `service_uuid` char(36) COLLATE utf8mb4_unicode_ci NOT NULL,
  `treatment_id` bigint(20) UNSIGNED NOT NULL,
  `treatment_type` varchar(255) COLLATE utf8mb4_unicode_ci NOT NULL,
  `disease_id` bigint(20) UNSIGNED NOT NULL,
  `long_suffering` varchar(255) COLLATE utf8mb4_unicode_ci DEFAULT NULL,
  `cases` tinyint(3) UNSIGNED NOT NULL,
  `diagnostic_type_id` bigint(20) UNSIGNED NOT NULL,
  `treatment_time` datetime NOT NULL,
  `officer_id` bigint(20) UNSIGNED NOT NULL,
  `created_at` timestamp NULL DEFAULT NULL,
  `updated_at` timestamp NULL DEFAULT NULL
) ENGINE=InnoDB DEFAULT CHARSET=utf8mb4 COLLATE=utf8mb4_unicode_ci;

--
-- Dumping data untuk tabel `diagnostic_services`
--

INSERT INTO `diagnostic_services` (`id`, `service_uuid`, `treatment_id`, `treatment_type`, `disease_id`, `long_suffering`, `cases`, `diagnostic_type_id`, `treatment_time`, `officer_id`, `created_at`, `updated_at`) VALUES
(4, '', 1, 'app/models/rr', 1, '3 hari', 1, 1, '2021-12-07 08:08:34', 1, NULL, NULL),
(5, '5adc55d4-fa0f-4e9b-a540-2e1243250fd7', 1, 'App\\Models\\DiagnosticService', 1, '1 hari', 2, 5, '2021-12-08 00:00:00', 2, '2021-12-08 01:15:22', '2021-12-08 01:15:22'),
(6, '987c95aa-0985-46c5-84d8-44f1bd6f8e3b', 2, 'App\\Models\\DiagnosticService', 1, '1 hari', 1, 1, '2021-12-08 00:00:00', 1, '2021-12-08 02:01:50', '2021-12-08 02:01:50'),
(7, '21ed2801-ee43-421f-9a6e-50a3d4fe9134', 1, 'App\\Models\\DiagnosticService', 1, '3 kali sahari', 1, 3, '2021-12-08 00:00:00', 1, '2021-12-08 02:14:11', '2021-12-08 02:14:11'),
(8, '2a4274af-f66f-46e7-8fc7-098d684fa4e0', 2, 'App\\Models\\DiagnosticService', 1, '3 kali sahari', 1, 3, '2021-12-08 00:00:00', 1, '2021-12-08 02:28:36', '2021-12-08 02:28:36'),
(9, '9cee5621-3b4c-4efc-89dd-e81534979475', 2, 'App\\Models\\DiagnosticService', 1, '1 hari', 2, 3, '2021-12-24 00:00:00', 2, '2021-12-23 20:05:00', '2021-12-23 20:05:00');

-- --------------------------------------------------------

--
-- Struktur dari tabel `districts`
--

CREATE TABLE `districts` (
  `id` bigint(20) UNSIGNED NOT NULL,
  `regency_id` bigint(20) UNSIGNED NOT NULL,
  `name` varchar(255) COLLATE utf8mb4_unicode_ci DEFAULT NULL,
  `created_at` timestamp NULL DEFAULT NULL,
  `updated_at` timestamp NULL DEFAULT NULL
) ENGINE=InnoDB DEFAULT CHARSET=utf8mb4 COLLATE=utf8mb4_unicode_ci;

-- --------------------------------------------------------

--
-- Struktur dari tabel `emergency_patients`
--

CREATE TABLE `emergency_patients` (
  `id` bigint(20) UNSIGNED NOT NULL,
  `entry_time` datetime NOT NULL,
  `exit_time` datetime DEFAULT NULL,
  `final_condition` bigint(20) UNSIGNED DEFAULT NULL,
  `medical_activity_id` bigint(20) UNSIGNED NOT NULL,
  `polyclinic_id` bigint(20) UNSIGNED NOT NULL,
  `created_at` timestamp NULL DEFAULT NULL,
  `updated_at` timestamp NULL DEFAULT NULL
) ENGINE=InnoDB DEFAULT CHARSET=utf8mb4 COLLATE=utf8mb4_unicode_ci;

--
-- Dumping data untuk tabel `emergency_patients`
--

INSERT INTO `emergency_patients` (`id`, `entry_time`, `exit_time`, `final_condition`, `medical_activity_id`, `polyclinic_id`, `created_at`, `updated_at`) VALUES
(1, '2021-10-19 00:00:00', NULL, NULL, 1, 1, '2021-10-24 23:16:36', '2021-10-24 23:16:36');

-- --------------------------------------------------------

--
-- Struktur dari tabel `employees`
--

CREATE TABLE `employees` (
  `id` bigint(20) UNSIGNED NOT NULL,
  `name` varchar(255) COLLATE utf8mb4_unicode_ci NOT NULL,
  `gender` varchar(255) COLLATE utf8mb4_unicode_ci NOT NULL,
  `birth_place` varchar(255) COLLATE utf8mb4_unicode_ci DEFAULT NULL,
  `birth_date` date DEFAULT NULL,
  `address` varchar(255) COLLATE utf8mb4_unicode_ci DEFAULT NULL,
  `phone_number` varchar(255) COLLATE utf8mb4_unicode_ci DEFAULT NULL,
  `position_id` bigint(20) UNSIGNED DEFAULT NULL,
  `qualification_id` bigint(20) UNSIGNED NOT NULL,
  `created_at` timestamp NULL DEFAULT NULL,
  `updated_at` timestamp NULL DEFAULT NULL
) ENGINE=InnoDB DEFAULT CHARSET=utf8mb4 COLLATE=utf8mb4_unicode_ci;

--
-- Dumping data untuk tabel `employees`
--

INSERT INTO `employees` (`id`, `name`, `gender`, `birth_place`, `birth_date`, `address`, `phone_number`, `position_id`, `qualification_id`, `created_at`, `updated_at`) VALUES
(1, 'Icksan', 'Laki - Laki', 'Bandung', '2001-02-08', 'jl buah batu', '0890809', 2, 3, '2021-10-24 21:33:01', '2021-10-24 21:33:01'),
(2, 'Kimul', 'Laki - Laki', 'bandung', '2001-02-01', 'jl moh toha', '0980890', 2, 3, '2021-10-24 21:33:34', '2021-10-24 21:33:34'),
(3, 'Mumun', 'Perempuan', 'Cianjur', '2001-02-02', 'jl naga buah', '097676576', 3, 3, '2021-10-24 21:34:16', '2021-10-24 21:34:16');

-- --------------------------------------------------------

--
-- Struktur dari tabel `examintaion_services`
--

CREATE TABLE `examintaion_services` (
  `id` bigint(20) UNSIGNED NOT NULL,
  `service_uuid` char(36) COLLATE utf8mb4_unicode_ci NOT NULL,
  `treatment_id` bigint(20) UNSIGNED NOT NULL,
  `treatment_type` varchar(255) COLLATE utf8mb4_unicode_ci NOT NULL,
  `general_examination_id` bigint(20) UNSIGNED NOT NULL,
  `examination_result` varchar(255) COLLATE utf8mb4_unicode_ci NOT NULL,
  `treatment_time` datetime NOT NULL,
  `officer_id` bigint(20) UNSIGNED NOT NULL,
  `created_at` timestamp NULL DEFAULT NULL,
  `updated_at` timestamp NULL DEFAULT NULL
) ENGINE=InnoDB DEFAULT CHARSET=utf8mb4 COLLATE=utf8mb4_unicode_ci;

--
-- Dumping data untuk tabel `examintaion_services`
--

INSERT INTO `examintaion_services` (`id`, `service_uuid`, `treatment_id`, `treatment_type`, `general_examination_id`, `examination_result`, `treatment_time`, `officer_id`, `created_at`, `updated_at`) VALUES
(1, '', 2, 'app/models/gg', 3, 'dfdf dfg', '2021-12-02 05:02:24', 3, NULL, NULL),
(2, '', 1, 'app/models/ss', 4, 'd', '2021-12-02 05:03:14', 1, NULL, NULL),
(3, '9c704430-2436-467d-a705-ff852ab90106', 1, 'App/models/ss', 4, 'sdfsd', '2021-12-31 00:00:00', 2, '2021-12-02 20:29:16', '2021-12-02 20:29:16'),
(4, '0ad73295-e508-4915-82c5-bd8b727b7dfe', 1, 'App/models/ss', 3, 'nm', '2021-12-24 00:00:00', 1, '2021-12-06 00:15:12', '2021-12-06 00:15:12'),
(5, '7c9da49b-4675-40c1-9ec9-dc2103fce885', 1, 'App/models/ss', 3, 'nm', '2021-12-24 00:00:00', 1, '2021-12-06 00:15:34', '2021-12-06 00:15:34'),
(6, '17e5a21a-12b0-458a-bc54-a0e075ba48df', 1, 'App\\Http\\Controllers', 4, 'hhhhh jjj', '2021-12-09 00:00:00', 2, '2021-12-07 21:13:51', '2021-12-07 21:13:51'),
(7, 'f5ef0c93-2a09-4e29-80de-f374f4be7d48', 1, 'App\\Http\\Controllers', 3, 'uuuuuu', '2021-12-10 00:00:00', 3, '2021-12-07 21:24:06', '2021-12-07 21:24:06'),
(8, '00a35ee4-d61b-43ba-83fe-92a3f660c3bc', 1, 'App\\Http\\Controllers', 3, 'asdfghjklqwertyuiop', '2021-12-03 00:00:00', 1, '2021-12-07 21:24:49', '2021-12-07 21:24:49'),
(9, '06974ed5-871e-4cce-bbb6-1267bcfdb46d', 1, 'App\\Http\\Controllers', 4, 'df', '2021-12-09 00:00:00', 1, '2021-12-08 05:56:08', '2021-12-08 05:56:08'),
(10, '0ac445ed-57c9-4c6a-a224-2dec3fd1b8cb', 1, 'App\\Models\\OutPatient', 4, 'khjkhk', '2021-12-10 00:00:00', 1, '2021-12-08 21:51:25', '2021-12-08 21:51:25'),
(11, '95b0c47b-bdc5-428d-9d67-d7970bf8d3d0', 2, 'App\\Models\\OutPatient', 4, 'oouo', '2021-12-24 00:00:00', 2, '2021-12-13 02:37:34', '2021-12-13 02:37:34');

-- --------------------------------------------------------

--
-- Struktur dari tabel `failed_jobs`
--

CREATE TABLE `failed_jobs` (
  `id` bigint(20) UNSIGNED NOT NULL,
  `uuid` varchar(255) COLLATE utf8mb4_unicode_ci NOT NULL,
  `connection` text COLLATE utf8mb4_unicode_ci NOT NULL,
  `queue` text COLLATE utf8mb4_unicode_ci NOT NULL,
  `payload` longtext COLLATE utf8mb4_unicode_ci NOT NULL,
  `exception` longtext COLLATE utf8mb4_unicode_ci NOT NULL,
  `failed_at` timestamp NOT NULL DEFAULT current_timestamp()
) ENGINE=InnoDB DEFAULT CHARSET=utf8mb4 COLLATE=utf8mb4_unicode_ci;

-- --------------------------------------------------------

--
-- Struktur dari tabel `images`
--

CREATE TABLE `images` (
  `id` bigint(20) UNSIGNED NOT NULL,
  `item_uuid` char(36) COLLATE utf8mb4_unicode_ci NOT NULL,
  `image_name` varchar(255) COLLATE utf8mb4_unicode_ci NOT NULL,
  `original_image_name` varchar(255) COLLATE utf8mb4_unicode_ci NOT NULL,
  `original_image` varchar(255) COLLATE utf8mb4_unicode_ci NOT NULL,
  `thumbnail_image` varchar(255) COLLATE utf8mb4_unicode_ci NOT NULL,
  `image_size` int(11) NOT NULL,
  `image_extensions` int(11) NOT NULL,
  `created_at` timestamp NULL DEFAULT NULL,
  `updated_at` timestamp NULL DEFAULT NULL
) ENGINE=InnoDB DEFAULT CHARSET=utf8mb4 COLLATE=utf8mb4_unicode_ci;

-- --------------------------------------------------------

--
-- Struktur dari tabel `in_patients`
--

CREATE TABLE `in_patients` (
  `id` bigint(20) UNSIGNED NOT NULL,
  `room_bed_id` bigint(20) UNSIGNED NOT NULL,
  `entry_time` datetime NOT NULL,
  `exit_time` datetime DEFAULT NULL,
  `medical_activity_id` bigint(20) UNSIGNED NOT NULL,
  `admission` varchar(255) COLLATE utf8mb4_unicode_ci NOT NULL,
  `activity_type` bigint(20) UNSIGNED NOT NULL,
  `final_condition` varchar(255) COLLATE utf8mb4_unicode_ci DEFAULT NULL,
  `drop_out_condition` varchar(255) COLLATE utf8mb4_unicode_ci NOT NULL,
  `reference` varchar(255) COLLATE utf8mb4_unicode_ci DEFAULT NULL,
  `destination_hospital` varchar(255) COLLATE utf8mb4_unicode_ci DEFAULT NULL,
  `note` text COLLATE utf8mb4_unicode_ci DEFAULT NULL,
  `created_at` timestamp NULL DEFAULT NULL,
  `updated_at` timestamp NULL DEFAULT NULL
) ENGINE=InnoDB DEFAULT CHARSET=utf8mb4 COLLATE=utf8mb4_unicode_ci;

-- --------------------------------------------------------

--
-- Struktur dari tabel `laundry_services`
--

CREATE TABLE `laundry_services` (
  `id` bigint(20) UNSIGNED NOT NULL,
  `service_uuid` char(36) COLLATE utf8mb4_unicode_ci NOT NULL,
  `treatment_id` bigint(20) UNSIGNED NOT NULL,
  `treatment_type` varchar(255) COLLATE utf8mb4_unicode_ci NOT NULL,
  `laundry_type_id` bigint(20) UNSIGNED NOT NULL,
  `treatment_time` datetime NOT NULL,
  `amount` int(11) NOT NULL,
  `created_at` timestamp NULL DEFAULT NULL,
  `updated_at` timestamp NULL DEFAULT NULL
) ENGINE=InnoDB DEFAULT CHARSET=utf8mb4 COLLATE=utf8mb4_unicode_ci;

-- --------------------------------------------------------

--
-- Struktur dari tabel `logistics`
--

CREATE TABLE `logistics` (
  `id` bigint(20) UNSIGNED NOT NULL,
  `description` varchar(255) COLLATE utf8mb4_unicode_ci NOT NULL,
  `unit_id` bigint(20) UNSIGNED NOT NULL,
  `type_id` bigint(20) UNSIGNED NOT NULL,
  `group` varchar(255) COLLATE utf8mb4_unicode_ci DEFAULT NULL,
  `price` int(11) NOT NULL DEFAULT 0,
  `created_at` timestamp NULL DEFAULT NULL,
  `updated_at` timestamp NULL DEFAULT NULL
) ENGINE=InnoDB DEFAULT CHARSET=utf8mb4 COLLATE=utf8mb4_unicode_ci;

--
-- Dumping data untuk tabel `logistics`
--

INSERT INTO `logistics` (`id`, `description`, `unit_id`, `type_id`, `group`, `price`, `created_at`, `updated_at`) VALUES
(2, 'hhh hh hh hhh hhhhhh', 1, 1, 'dddd', 0, NULL, NULL);

-- --------------------------------------------------------

--
-- Struktur dari tabel `logistic_transactions`
--

CREATE TABLE `logistic_transactions` (
  `id` bigint(20) UNSIGNED NOT NULL,
  `reception_id` bigint(20) UNSIGNED DEFAULT NULL,
  `polyclinic_id` bigint(20) UNSIGNED NOT NULL,
  `logistic_id` bigint(20) UNSIGNED NOT NULL,
  `amount` int(11) NOT NULL,
  `price` int(11) NOT NULL DEFAULT 0,
  `created_at` timestamp NULL DEFAULT NULL,
  `updated_at` timestamp NULL DEFAULT NULL
) ENGINE=InnoDB DEFAULT CHARSET=utf8mb4 COLLATE=utf8mb4_unicode_ci;

-- --------------------------------------------------------

--
-- Struktur dari tabel `log_activities`
--

CREATE TABLE `log_activities` (
  `id` bigint(20) UNSIGNED NOT NULL,
  `user_id` bigint(20) UNSIGNED NOT NULL,
  `type` varchar(255) COLLATE utf8mb4_unicode_ci NOT NULL,
  `before` longtext COLLATE utf8mb4_unicode_ci DEFAULT NULL,
  `after` longtext COLLATE utf8mb4_unicode_ci DEFAULT NULL,
  `created_at` timestamp NULL DEFAULT NULL,
  `updated_at` timestamp NULL DEFAULT NULL
) ENGINE=InnoDB DEFAULT CHARSET=utf8mb4 COLLATE=utf8mb4_unicode_ci;

-- --------------------------------------------------------

--
-- Struktur dari tabel `menu_with_roles`
--

CREATE TABLE `menu_with_roles` (
  `role_id` bigint(20) UNSIGNED NOT NULL,
  `menu_id` bigint(20) UNSIGNED NOT NULL,
  `is_home` tinyint(4) NOT NULL DEFAULT 0,
  `create` tinyint(4) NOT NULL DEFAULT 0,
  `read` tinyint(4) NOT NULL DEFAULT 0,
  `update` tinyint(4) NOT NULL DEFAULT 0,
  `delete` tinyint(4) NOT NULL DEFAULT 0,
  `print` tinyint(4) NOT NULL DEFAULT 0,
  `created_at` timestamp NULL DEFAULT NULL,
  `updated_at` timestamp NULL DEFAULT NULL
) ENGINE=InnoDB DEFAULT CHARSET=utf8mb4 COLLATE=utf8mb4_unicode_ci;

--
-- Dumping data untuk tabel `menu_with_roles`
--

INSERT INTO `menu_with_roles` (`role_id`, `menu_id`, `is_home`, `create`, `read`, `update`, `delete`, `print`, `created_at`, `updated_at`) VALUES
(1, 8, 1, 1, 1, 1, 1, 1, '2021-09-21 02:29:25', '2021-09-27 02:42:39'),
(2, 8, 1, 1, 1, 1, 1, 1, '2021-09-21 02:29:25', '2021-09-27 02:48:02'),
(1, 9, 0, 1, 1, 1, 1, 1, '2021-09-21 02:29:25', '2021-10-21 01:55:54'),
(1, 19, 0, 1, 1, 1, 1, 1, '2021-09-21 03:53:31', '2021-09-28 03:14:17'),
(3, 8, 1, 1, 1, 1, 1, 1, '2021-09-21 02:29:25', '2021-09-27 03:40:33'),
(2, 9, 0, 0, 1, 0, 0, 0, '2021-09-21 02:29:25', '2021-10-21 01:55:54'),
(3, 9, 0, 0, 1, 0, 0, 0, '2021-09-21 02:29:25', '2021-10-21 01:55:54'),
(1, 10, 0, 1, 1, 1, 1, 1, '2021-09-21 02:29:25', '2021-10-21 01:23:39'),
(2, 10, 0, 0, 1, 0, 0, 0, '2021-09-21 02:29:25', '2021-10-21 01:23:39'),
(3, 10, 0, 0, 1, 0, 0, 0, '2021-09-21 02:29:25', '2021-10-21 01:23:39'),
(1, 11, 0, 1, 1, 1, 1, 1, '2021-09-21 02:29:25', '2021-10-21 04:54:36'),
(2, 11, 0, 0, 1, 0, 0, 0, '2021-09-21 02:29:25', '2021-10-21 04:54:36'),
(3, 11, 0, 0, 1, 0, 0, 0, '2021-09-21 02:29:25', '2021-10-21 04:54:36'),
(1, 12, 0, 1, 1, 1, 1, 1, '2021-09-21 02:29:25', '2021-10-21 01:56:02'),
(2, 12, 0, 0, 1, 0, 0, 0, '2021-09-21 02:29:25', '2021-10-21 01:56:02'),
(3, 12, 0, 0, 1, 0, 0, 0, '2021-09-21 02:29:25', '2021-10-21 01:56:02'),
(1, 13, 0, 1, 1, 1, 1, 1, '2021-09-21 02:29:25', '2021-10-25 03:21:38'),
(2, 13, 0, 0, 1, 0, 0, 0, '2021-09-21 02:29:25', '2021-10-25 03:21:38'),
(3, 13, 0, 0, 1, 0, 0, 0, '2021-09-21 02:29:25', '2021-10-25 03:21:38'),
(1, 15, 0, 1, 1, 1, 1, 1, '2021-09-21 02:29:25', '2021-10-24 21:31:40'),
(2, 15, 0, 0, 1, 0, 0, 0, '2021-09-21 02:29:25', '2021-10-24 21:31:40'),
(3, 15, 0, 0, 1, 0, 0, 0, '2021-09-21 02:29:25', '2021-10-24 21:31:40'),
(3, 16, 0, 0, 0, 0, 0, 0, '2021-09-21 02:29:25', '2021-09-21 02:29:25'),
(2, 16, 0, 0, 0, 0, 0, 0, '2021-09-21 02:29:25', '2021-09-21 02:29:25'),
(1, 16, 0, 1, 1, 1, 1, 1, '2021-09-21 02:29:25', '2021-09-21 02:29:25'),
(1, 17, 0, 1, 1, 1, 1, 1, '2021-09-21 02:29:25', '2021-10-24 23:32:36'),
(2, 17, 0, 0, 1, 0, 0, 0, '2021-09-21 02:29:25', '2021-10-24 23:32:36'),
(3, 17, 0, 0, 1, 0, 0, 0, '2021-09-21 02:29:25', '2021-10-24 23:32:36'),
(3, 18, 0, 0, 1, 0, 0, 0, '2021-09-21 02:29:25', '2021-10-24 21:13:38'),
(2, 18, 0, 0, 1, 0, 0, 0, '2021-09-21 02:29:25', '2021-10-24 21:13:38'),
(1, 18, 0, 1, 1, 1, 1, 1, '2021-09-21 02:29:25', '2021-10-24 21:13:38'),
(2, 19, 0, 0, 1, 0, 0, 0, '2021-09-21 02:29:25', '2021-09-28 03:14:17'),
(3, 19, 0, 0, 1, 0, 0, 0, '2021-09-21 02:29:25', '2021-09-28 03:14:17'),
(3, 20, 0, 0, 0, 0, 0, 0, '2021-09-21 02:29:25', '2021-09-21 02:29:25'),
(2, 20, 0, 1, 1, 1, 1, 0, '2021-09-21 02:29:25', '2021-09-27 23:15:34'),
(1, 20, 0, 1, 1, 1, 1, 1, '2021-09-21 02:29:25', '2021-09-28 03:07:47'),
(1, 21, 0, 1, 1, 1, 1, 1, '2021-09-21 02:29:25', '2021-09-28 03:12:25'),
(2, 21, 0, 0, 0, 0, 0, 0, '2021-09-21 02:29:25', '2021-09-27 23:09:17'),
(3, 21, 0, 0, 0, 0, 0, 0, '2021-09-21 02:29:25', '2021-09-21 02:29:25'),
(3, 22, 0, 0, 0, 0, 0, 0, '2021-09-21 02:29:25', '2021-09-21 02:29:25'),
(2, 22, 0, 0, 0, 0, 0, 0, '2021-09-21 02:29:25', '2021-09-27 08:23:16'),
(1, 22, 0, 1, 1, 1, 1, 1, '2021-09-21 02:29:25', '2021-09-28 03:14:17'),
(4, 22, 0, 0, 0, 0, 0, 0, '2021-09-21 02:29:25', '2021-09-27 03:40:24'),
(4, 20, 0, 0, 0, 0, 0, 0, '2021-09-21 02:29:25', '2021-09-27 03:40:27'),
(4, 21, 0, 0, 0, 0, 0, 0, '2021-09-21 02:29:25', '2021-09-27 03:40:26'),
(4, 19, 0, 0, 1, 0, 0, 0, '2021-09-21 02:29:25', '2021-09-28 03:14:17'),
(4, 18, 0, 0, 1, 0, 0, 0, '2021-09-21 02:29:25', '2021-10-24 21:13:38'),
(4, 17, 0, 0, 1, 0, 0, 0, '2021-09-21 02:29:25', '2021-10-24 23:32:36'),
(4, 16, 0, 0, 0, 0, 0, 0, '2021-09-21 02:29:25', '2021-11-09 05:54:15'),
(4, 15, 0, 0, 1, 0, 0, 0, '2021-09-21 02:29:25', '2021-10-24 21:31:40'),
(4, 13, 0, 0, 1, 0, 0, 0, '2021-09-21 02:29:25', '2021-10-25 03:21:38'),
(4, 12, 0, 0, 1, 0, 0, 0, '2021-09-21 02:29:25', '2021-10-21 01:56:02'),
(4, 11, 0, 1, 1, 1, 1, 0, '2021-09-21 02:29:25', '2021-10-21 04:54:36'),
(4, 10, 0, 0, 1, 0, 0, 0, '2021-09-21 02:29:25', '2021-10-21 01:23:39'),
(4, 9, 0, 0, 1, 0, 0, 0, '2021-09-21 02:29:25', '2021-10-21 01:55:54'),
(4, 8, 1, 1, 1, 1, 1, 1, '2021-09-21 02:29:25', '2021-09-27 03:36:02'),
(1, 25, 0, 1, 1, 1, 1, 1, '2021-09-24 01:35:10', '2021-09-27 02:36:19'),
(2, 25, 0, 0, 0, 0, 0, 0, '2021-09-24 01:35:10', '2021-09-27 23:20:05'),
(3, 25, 0, 0, 0, 0, 0, 0, '2021-09-24 01:35:10', '2021-09-24 01:35:10'),
(4, 25, 0, 0, 0, 0, 0, 0, '2021-09-24 01:35:10', '2021-09-27 03:40:22'),
(1, 27, 0, 1, 1, 1, 1, 1, '2021-10-21 00:31:00', '2021-10-21 00:32:46'),
(2, 27, 0, 0, 0, 0, 0, 0, '2021-10-21 00:31:00', '2021-10-21 00:31:00'),
(3, 27, 0, 0, 0, 0, 0, 0, '2021-10-21 00:31:00', '2021-10-21 00:31:00'),
(4, 27, 0, 0, 0, 0, 0, 0, '2021-10-21 00:31:00', '2021-10-21 00:31:00'),
(1, 28, 0, 1, 1, 1, 1, 1, '2021-10-21 00:32:32', '2021-10-21 00:32:49'),
(2, 28, 0, 0, 0, 0, 0, 0, '2021-10-21 00:32:32', '2021-10-21 00:32:32'),
(3, 28, 0, 0, 0, 0, 0, 0, '2021-10-21 00:32:32', '2021-10-21 00:32:32'),
(4, 28, 0, 0, 0, 0, 0, 0, '2021-10-21 00:32:32', '2021-10-21 00:32:32'),
(1, 29, 0, 1, 1, 1, 1, 1, '2021-10-21 00:42:39', '2021-10-21 01:23:39'),
(2, 29, 0, 0, 0, 0, 0, 0, '2021-10-21 00:42:39', '2021-10-21 00:42:39'),
(3, 29, 0, 0, 0, 0, 0, 0, '2021-10-21 00:42:39', '2021-10-21 00:42:39'),
(4, 29, 0, 0, 0, 0, 0, 0, '2021-10-21 00:42:39', '2021-10-21 00:42:39'),
(1, 30, 0, 1, 1, 1, 1, 1, '2021-10-21 00:44:14', '2021-10-21 01:23:41'),
(2, 30, 0, 0, 0, 0, 0, 0, '2021-10-21 00:44:14', '2021-10-21 00:44:14'),
(3, 30, 0, 0, 0, 0, 0, 0, '2021-10-21 00:44:14', '2021-10-21 00:44:14'),
(4, 30, 0, 0, 0, 0, 0, 0, '2021-10-21 00:44:14', '2021-10-21 00:44:14'),
(1, 31, 0, 1, 1, 1, 1, 1, '2021-10-21 00:46:24', '2021-10-21 01:23:45'),
(2, 31, 0, 0, 0, 0, 0, 0, '2021-10-21 00:46:24', '2021-10-21 00:46:24'),
(3, 31, 0, 0, 0, 0, 0, 0, '2021-10-21 00:46:24', '2021-10-21 00:46:24'),
(4, 31, 0, 0, 0, 0, 0, 0, '2021-10-21 00:46:24', '2021-10-21 00:46:24'),
(1, 32, 0, 1, 1, 1, 1, 1, '2021-10-21 01:26:42', '2021-10-21 01:31:27'),
(2, 32, 0, 0, 0, 0, 0, 0, '2021-10-21 01:26:42', '2021-10-21 01:26:42'),
(3, 32, 0, 0, 0, 0, 0, 0, '2021-10-21 01:26:42', '2021-10-21 01:26:42'),
(4, 32, 0, 0, 0, 0, 0, 0, '2021-10-21 01:26:42', '2021-10-21 01:26:42'),
(1, 33, 0, 1, 1, 1, 1, 1, '2021-10-21 01:28:14', '2021-10-21 01:31:33'),
(2, 33, 0, 0, 0, 0, 0, 0, '2021-10-21 01:28:14', '2021-10-21 01:28:14'),
(3, 33, 0, 0, 0, 0, 0, 0, '2021-10-21 01:28:14', '2021-10-21 01:28:14'),
(4, 33, 0, 0, 0, 0, 0, 0, '2021-10-21 01:28:14', '2021-10-21 01:28:14'),
(1, 34, 0, 1, 1, 1, 1, 1, '2021-10-21 01:30:54', '2021-10-21 01:31:32'),
(2, 34, 0, 0, 0, 0, 0, 0, '2021-10-21 01:30:54', '2021-10-21 01:30:54'),
(3, 34, 0, 0, 0, 0, 0, 0, '2021-10-21 01:30:54', '2021-10-21 01:30:54'),
(4, 34, 0, 0, 0, 0, 0, 0, '2021-10-21 01:30:54', '2021-10-21 01:30:54'),
(1, 35, 0, 1, 1, 1, 1, 1, '2021-10-21 01:33:12', '2021-10-21 01:55:59'),
(2, 35, 0, 0, 0, 0, 0, 0, '2021-10-21 01:33:12', '2021-10-21 01:33:12'),
(3, 35, 0, 0, 0, 0, 0, 0, '2021-10-21 01:33:12', '2021-10-21 01:33:12'),
(4, 35, 0, 0, 0, 0, 0, 0, '2021-10-21 01:33:12', '2021-10-21 01:33:12'),
(1, 36, 0, 1, 1, 1, 1, 1, '2021-10-21 01:34:45', '2021-10-21 01:56:02'),
(2, 36, 0, 0, 0, 0, 0, 0, '2021-10-21 01:34:45', '2021-10-21 01:34:45'),
(3, 36, 0, 0, 0, 0, 0, 0, '2021-10-21 01:34:45', '2021-10-21 01:34:45'),
(4, 36, 0, 0, 0, 0, 0, 0, '2021-10-21 01:34:45', '2021-10-21 01:34:45'),
(1, 37, 0, 1, 1, 1, 1, 1, '2021-10-21 01:36:08', '2021-10-21 01:55:56'),
(2, 37, 0, 0, 0, 0, 0, 0, '2021-10-21 01:36:08', '2021-10-21 01:36:08'),
(3, 37, 0, 0, 0, 0, 0, 0, '2021-10-21 01:36:08', '2021-10-21 01:36:08'),
(4, 37, 0, 0, 0, 0, 0, 0, '2021-10-21 01:36:08', '2021-10-21 01:36:08'),
(1, 38, 0, 1, 1, 1, 1, 1, '2021-10-21 01:55:33', '2021-10-21 01:55:54'),
(2, 38, 0, 0, 0, 0, 0, 0, '2021-10-21 01:55:33', '2021-10-21 01:55:33'),
(3, 38, 0, 0, 0, 0, 0, 0, '2021-10-21 01:55:33', '2021-10-21 01:55:33'),
(4, 38, 0, 0, 0, 0, 0, 0, '2021-10-21 01:55:33', '2021-10-21 01:55:33'),
(1, 42, 0, 1, 1, 1, 1, 1, '2021-10-21 02:27:52', '2021-10-21 02:32:14'),
(2, 42, 0, 0, 0, 0, 0, 0, '2021-10-21 02:27:52', '2021-10-21 02:27:52'),
(3, 42, 0, 0, 0, 0, 0, 0, '2021-10-21 02:27:52', '2021-10-21 02:27:52'),
(4, 42, 0, 0, 0, 0, 0, 0, '2021-10-21 02:27:52', '2021-10-21 02:27:52'),
(1, 43, 0, 1, 1, 1, 1, 1, '2021-10-21 02:31:18', '2021-10-21 02:32:18'),
(2, 43, 0, 0, 0, 0, 0, 0, '2021-10-21 02:31:18', '2021-10-21 02:31:18'),
(3, 43, 0, 0, 0, 0, 0, 0, '2021-10-21 02:31:18', '2021-10-21 02:31:18'),
(4, 43, 0, 0, 0, 0, 0, 0, '2021-10-21 02:31:18', '2021-10-21 02:31:18'),
(1, 44, 0, 1, 1, 1, 1, 1, '2021-10-21 02:47:01', '2021-10-21 02:47:21'),
(2, 44, 0, 0, 0, 0, 0, 0, '2021-10-21 02:47:01', '2021-10-21 02:47:01'),
(3, 44, 0, 0, 0, 0, 0, 0, '2021-10-21 02:47:01', '2021-10-21 02:47:01'),
(4, 44, 0, 0, 0, 0, 0, 0, '2021-10-21 02:47:01', '2021-10-21 02:47:01'),
(1, 45, 0, 1, 1, 1, 1, 1, '2021-10-21 02:51:45', '2021-10-21 02:58:43'),
(2, 45, 0, 0, 0, 0, 0, 0, '2021-10-21 02:51:45', '2021-10-21 02:51:45'),
(3, 45, 0, 0, 0, 0, 0, 0, '2021-10-21 02:51:45', '2021-10-21 02:51:45'),
(4, 45, 0, 0, 0, 0, 0, 0, '2021-10-21 02:51:45', '2021-10-21 02:51:45'),
(1, 46, 0, 1, 1, 1, 1, 1, '2021-10-21 02:54:07', '2021-10-21 02:58:46'),
(2, 46, 0, 0, 0, 0, 0, 0, '2021-10-21 02:54:07', '2021-10-21 02:54:07'),
(3, 46, 0, 0, 0, 0, 0, 0, '2021-10-21 02:54:07', '2021-10-21 02:54:07'),
(4, 46, 0, 0, 0, 0, 0, 0, '2021-10-21 02:54:07', '2021-10-21 02:54:07'),
(1, 47, 0, 1, 1, 1, 1, 1, '2021-10-21 02:57:35', '2021-10-21 02:58:48'),
(2, 47, 0, 0, 0, 0, 0, 0, '2021-10-21 02:57:35', '2021-10-21 02:57:35'),
(3, 47, 0, 0, 0, 0, 0, 0, '2021-10-21 02:57:35', '2021-10-21 02:57:35'),
(4, 47, 0, 0, 0, 0, 0, 0, '2021-10-21 02:57:35', '2021-10-21 02:57:35'),
(1, 48, 0, 1, 1, 1, 1, 1, '2021-10-21 04:54:14', '2021-10-21 04:54:36'),
(2, 48, 0, 0, 0, 0, 0, 0, '2021-10-21 04:54:14', '2021-10-21 04:54:14'),
(3, 48, 0, 0, 0, 0, 0, 0, '2021-10-21 04:54:14', '2021-10-21 04:54:14'),
(4, 48, 0, 0, 0, 0, 0, 0, '2021-10-21 04:54:14', '2021-10-21 04:54:14'),
(1, 49, 0, 1, 1, 1, 1, 1, '2021-10-21 04:59:37', '2021-10-21 05:10:16'),
(2, 49, 0, 0, 0, 0, 0, 0, '2021-10-21 04:59:37', '2021-10-21 04:59:37'),
(3, 49, 0, 0, 0, 0, 0, 0, '2021-10-21 04:59:37', '2021-10-21 04:59:37'),
(4, 49, 0, 0, 0, 0, 0, 0, '2021-10-21 04:59:37', '2021-10-21 04:59:37'),
(1, 50, 0, 1, 1, 1, 1, 1, '2021-10-21 05:00:45', '2021-10-21 05:10:19'),
(2, 50, 0, 0, 0, 0, 0, 0, '2021-10-21 05:00:45', '2021-10-21 05:00:45'),
(3, 50, 0, 0, 0, 0, 0, 0, '2021-10-21 05:00:45', '2021-10-21 05:00:45'),
(4, 50, 0, 0, 0, 0, 0, 0, '2021-10-21 05:00:45', '2021-10-21 05:00:45'),
(1, 51, 0, 1, 1, 1, 1, 1, '2021-10-21 05:01:47', '2021-10-21 05:10:22'),
(2, 51, 0, 0, 0, 0, 0, 0, '2021-10-21 05:01:47', '2021-10-21 05:01:47'),
(3, 51, 0, 0, 0, 0, 0, 0, '2021-10-21 05:01:47', '2021-10-21 05:01:47'),
(4, 51, 0, 0, 0, 0, 0, 0, '2021-10-21 05:01:47', '2021-10-21 05:01:47'),
(1, 52, 0, 1, 1, 1, 1, 1, '2021-10-21 05:03:24', '2021-10-21 05:10:25'),
(2, 52, 0, 0, 0, 0, 0, 0, '2021-10-21 05:03:24', '2021-10-21 05:03:24'),
(3, 52, 0, 0, 0, 0, 0, 0, '2021-10-21 05:03:24', '2021-10-21 05:03:24'),
(4, 52, 0, 0, 0, 0, 0, 0, '2021-10-21 05:03:24', '2021-10-21 05:03:24'),
(1, 53, 0, 1, 1, 1, 1, 1, '2021-10-21 05:04:58', '2021-10-21 05:10:31'),
(2, 53, 0, 0, 0, 0, 0, 0, '2021-10-21 05:04:58', '2021-10-21 05:04:58'),
(3, 53, 0, 0, 0, 0, 0, 0, '2021-10-21 05:04:58', '2021-10-21 05:04:58'),
(4, 53, 0, 0, 0, 0, 0, 0, '2021-10-21 05:04:58', '2021-10-21 05:04:58'),
(1, 54, 0, 1, 1, 1, 1, 1, '2021-10-21 05:06:50', '2021-10-21 05:10:39'),
(2, 54, 0, 0, 0, 0, 0, 0, '2021-10-21 05:06:50', '2021-10-21 05:06:50'),
(3, 54, 0, 0, 0, 0, 0, 0, '2021-10-21 05:06:50', '2021-10-21 05:06:50'),
(4, 54, 0, 0, 0, 0, 0, 0, '2021-10-21 05:06:50', '2021-10-21 05:06:50'),
(1, 55, 0, 1, 1, 1, 1, 1, '2021-10-21 05:09:30', '2021-10-21 05:10:43'),
(2, 55, 0, 0, 0, 0, 0, 0, '2021-10-21 05:09:30', '2021-10-21 05:09:30'),
(3, 55, 0, 0, 0, 0, 0, 0, '2021-10-21 05:09:30', '2021-10-21 05:09:30'),
(4, 55, 0, 0, 0, 0, 0, 0, '2021-10-21 05:09:30', '2021-10-21 05:09:30'),
(1, 56, 0, 1, 1, 1, 1, 1, '2021-10-21 05:23:20', '2021-10-21 05:38:01'),
(2, 56, 0, 0, 0, 0, 0, 0, '2021-10-21 05:23:20', '2021-10-21 05:23:20'),
(3, 56, 0, 0, 0, 0, 0, 0, '2021-10-21 05:23:20', '2021-10-21 05:23:20'),
(4, 56, 0, 0, 0, 0, 0, 0, '2021-10-21 05:23:20', '2021-10-21 05:23:20'),
(1, 57, 0, 1, 1, 1, 1, 1, '2021-10-21 05:25:04', '2021-10-21 05:38:04'),
(2, 57, 0, 0, 0, 0, 0, 0, '2021-10-21 05:25:04', '2021-10-21 05:25:04'),
(3, 57, 0, 0, 0, 0, 0, 0, '2021-10-21 05:25:04', '2021-10-21 05:25:04'),
(4, 57, 0, 0, 0, 0, 0, 0, '2021-10-21 05:25:04', '2021-10-21 05:25:04'),
(1, 58, 0, 1, 1, 1, 1, 1, '2021-10-21 05:31:17', '2021-10-21 05:38:08'),
(2, 58, 0, 0, 0, 0, 0, 0, '2021-10-21 05:31:17', '2021-10-21 05:31:17'),
(3, 58, 0, 0, 0, 0, 0, 0, '2021-10-21 05:31:17', '2021-10-21 05:31:17'),
(4, 58, 0, 0, 0, 0, 0, 0, '2021-10-21 05:31:17', '2021-10-21 05:31:17'),
(1, 59, 0, 1, 1, 1, 1, 1, '2021-10-21 05:32:36', '2021-10-21 05:38:10'),
(2, 59, 0, 0, 0, 0, 0, 0, '2021-10-21 05:32:36', '2021-10-21 05:32:36'),
(3, 59, 0, 0, 0, 0, 0, 0, '2021-10-21 05:32:36', '2021-10-21 05:32:36'),
(4, 59, 0, 0, 0, 0, 0, 0, '2021-10-21 05:32:36', '2021-10-21 05:32:36'),
(1, 60, 0, 1, 1, 1, 1, 1, '2021-10-21 05:33:39', '2021-10-21 05:38:14'),
(2, 60, 0, 0, 0, 0, 0, 0, '2021-10-21 05:33:39', '2021-10-21 05:33:39'),
(3, 60, 0, 0, 0, 0, 0, 0, '2021-10-21 05:33:39', '2021-10-21 05:33:39'),
(4, 60, 0, 0, 0, 0, 0, 0, '2021-10-21 05:33:39', '2021-10-21 05:33:39'),
(1, 61, 0, 1, 1, 1, 1, 1, '2021-10-21 05:36:08', '2021-10-21 05:38:17'),
(2, 61, 0, 0, 0, 0, 0, 0, '2021-10-21 05:36:08', '2021-10-21 05:36:08'),
(3, 61, 0, 0, 0, 0, 0, 0, '2021-10-21 05:36:08', '2021-10-21 05:36:08'),
(4, 61, 0, 0, 0, 0, 0, 0, '2021-10-21 05:36:08', '2021-10-21 05:36:08'),
(1, 14, 0, 1, 1, 1, 1, 1, '2021-09-21 02:29:25', '2021-09-21 02:29:29'),
(2, 14, 0, 1, 1, 1, 1, 1, '2021-09-21 02:29:25', '2021-09-21 02:29:29'),
(3, 14, 0, 0, 0, 0, 0, 0, '2021-09-21 02:29:25', '2021-10-24 20:45:01'),
(4, 14, 0, 1, 1, 1, 1, 1, '2021-09-21 02:29:25', '2021-09-21 02:29:29'),
(1, 62, 0, 1, 1, 1, 1, 1, '2021-10-24 20:58:37', '2021-10-24 21:13:05'),
(2, 62, 0, 0, 0, 0, 0, 0, '2021-10-24 20:58:37', '2021-10-24 20:58:37'),
(3, 62, 0, 0, 0, 0, 0, 0, '2021-10-24 20:58:37', '2021-10-24 20:58:37'),
(4, 62, 0, 0, 0, 0, 0, 0, '2021-10-24 20:58:37', '2021-10-24 20:58:37'),
(1, 63, 0, 1, 1, 1, 1, 1, '2021-10-24 20:59:50', '2021-10-24 21:13:09'),
(2, 63, 0, 0, 0, 0, 0, 0, '2021-10-24 20:59:50', '2021-10-24 20:59:50'),
(3, 63, 0, 0, 0, 0, 0, 0, '2021-10-24 20:59:50', '2021-10-24 20:59:50'),
(4, 63, 0, 0, 0, 0, 0, 0, '2021-10-24 20:59:50', '2021-10-24 20:59:50'),
(1, 64, 0, 1, 1, 1, 1, 1, '2021-10-24 21:02:03', '2021-10-24 21:13:12'),
(2, 64, 0, 0, 0, 0, 0, 0, '2021-10-24 21:02:03', '2021-10-24 21:02:03'),
(3, 64, 0, 0, 0, 0, 0, 0, '2021-10-24 21:02:03', '2021-10-24 21:02:03'),
(4, 64, 0, 0, 0, 0, 0, 0, '2021-10-24 21:02:03', '2021-10-24 21:02:03'),
(1, 65, 0, 1, 1, 1, 1, 1, '2021-10-24 21:04:08', '2021-10-24 21:13:14'),
(2, 65, 0, 0, 0, 0, 0, 0, '2021-10-24 21:04:08', '2021-10-24 21:04:08'),
(3, 65, 0, 0, 0, 0, 0, 0, '2021-10-24 21:04:08', '2021-10-24 21:04:08'),
(4, 65, 0, 0, 0, 0, 0, 0, '2021-10-24 21:04:08', '2021-10-24 21:04:08'),
(1, 66, 0, 1, 1, 1, 1, 1, '2021-10-24 21:05:17', '2021-10-24 21:13:18'),
(2, 66, 0, 0, 0, 0, 0, 0, '2021-10-24 21:05:17', '2021-10-24 21:05:17'),
(3, 66, 0, 0, 0, 0, 0, 0, '2021-10-24 21:05:17', '2021-10-24 21:05:17'),
(4, 66, 0, 0, 0, 0, 0, 0, '2021-10-24 21:05:17', '2021-10-24 21:05:17'),
(1, 67, 0, 1, 1, 1, 1, 1, '2021-10-24 21:06:29', '2021-10-24 21:13:21'),
(2, 67, 0, 0, 0, 0, 0, 0, '2021-10-24 21:06:29', '2021-10-24 21:06:29'),
(3, 67, 0, 0, 0, 0, 0, 0, '2021-10-24 21:06:29', '2021-10-24 21:06:29'),
(4, 67, 0, 0, 0, 0, 0, 0, '2021-10-24 21:06:29', '2021-10-24 21:06:29'),
(1, 68, 0, 1, 1, 1, 1, 1, '2021-10-24 21:07:53', '2021-10-24 21:13:25'),
(2, 68, 0, 0, 0, 0, 0, 0, '2021-10-24 21:07:53', '2021-10-24 21:07:53'),
(3, 68, 0, 0, 0, 0, 0, 0, '2021-10-24 21:07:53', '2021-10-24 21:07:53'),
(4, 68, 0, 0, 0, 0, 0, 0, '2021-10-24 21:07:53', '2021-10-24 21:07:53'),
(1, 69, 0, 1, 1, 1, 1, 1, '2021-10-24 21:09:58', '2021-10-24 21:13:29'),
(2, 69, 0, 0, 0, 0, 0, 0, '2021-10-24 21:09:58', '2021-10-24 21:09:58'),
(3, 69, 0, 0, 0, 0, 0, 0, '2021-10-24 21:09:58', '2021-10-24 21:09:58'),
(4, 69, 0, 0, 0, 0, 0, 0, '2021-10-24 21:09:58', '2021-10-24 21:09:58'),
(1, 70, 0, 1, 1, 1, 1, 1, '2021-10-24 21:10:58', '2021-10-24 21:13:34'),
(2, 70, 0, 0, 0, 0, 0, 0, '2021-10-24 21:10:58', '2021-10-24 21:10:58'),
(3, 70, 0, 0, 0, 0, 0, 0, '2021-10-24 21:10:58', '2021-10-24 21:10:58'),
(4, 70, 0, 0, 0, 0, 0, 0, '2021-10-24 21:10:58', '2021-10-24 21:10:58'),
(1, 71, 0, 1, 1, 1, 1, 1, '2021-10-24 21:11:54', '2021-10-24 21:13:38'),
(2, 71, 0, 0, 0, 0, 0, 0, '2021-10-24 21:11:54', '2021-10-24 21:11:54'),
(3, 71, 0, 0, 0, 0, 0, 0, '2021-10-24 21:11:54', '2021-10-24 21:11:54'),
(4, 71, 0, 0, 0, 0, 0, 0, '2021-10-24 21:11:54', '2021-10-24 21:11:54'),
(1, 72, 0, 1, 1, 1, 1, 1, '2021-10-24 21:31:19', '2021-10-24 21:31:40'),
(2, 72, 0, 0, 0, 0, 0, 0, '2021-10-24 21:31:19', '2021-10-24 21:31:19'),
(3, 72, 0, 0, 0, 0, 0, 0, '2021-10-24 21:31:19', '2021-10-24 21:31:19'),
(4, 72, 0, 0, 0, 0, 0, 0, '2021-10-24 21:31:19', '2021-10-24 21:31:19'),
(1, 73, 0, 1, 1, 1, 1, 1, '2021-10-24 23:28:18', '2021-10-24 23:32:28'),
(2, 73, 0, 0, 0, 0, 0, 0, '2021-10-24 23:28:18', '2021-10-24 23:28:18'),
(3, 73, 0, 0, 0, 0, 0, 0, '2021-10-24 23:28:18', '2021-10-24 23:28:18'),
(4, 73, 0, 0, 0, 0, 0, 0, '2021-10-24 23:28:18', '2021-10-24 23:28:18'),
(1, 74, 0, 1, 1, 1, 1, 1, '2021-10-24 23:29:52', '2021-10-24 23:32:31'),
(2, 74, 0, 0, 0, 0, 0, 0, '2021-10-24 23:29:52', '2021-10-24 23:29:52'),
(3, 74, 0, 0, 0, 0, 0, 0, '2021-10-24 23:29:52', '2021-10-24 23:29:52'),
(4, 74, 0, 0, 0, 0, 0, 0, '2021-10-24 23:29:52', '2021-10-24 23:29:52'),
(1, 75, 0, 1, 1, 1, 1, 1, '2021-10-24 23:31:00', '2021-10-24 23:32:34'),
(2, 75, 0, 0, 0, 0, 0, 0, '2021-10-24 23:31:00', '2021-10-24 23:31:00'),
(3, 75, 0, 0, 0, 0, 0, 0, '2021-10-24 23:31:00', '2021-10-24 23:31:00'),
(4, 75, 0, 0, 0, 0, 0, 0, '2021-10-24 23:31:01', '2021-10-24 23:31:01'),
(1, 76, 0, 1, 1, 1, 1, 1, '2021-10-24 23:32:05', '2021-10-24 23:32:36'),
(2, 76, 0, 0, 0, 0, 0, 0, '2021-10-24 23:32:05', '2021-10-24 23:32:05'),
(3, 76, 0, 0, 0, 0, 0, 0, '2021-10-24 23:32:05', '2021-10-24 23:32:05'),
(4, 76, 0, 0, 0, 0, 0, 0, '2021-10-24 23:32:05', '2021-10-24 23:32:05'),
(1, 77, 0, 1, 1, 1, 1, 1, '2021-10-25 03:14:50', '2021-10-25 03:21:25'),
(2, 77, 0, 0, 0, 0, 0, 0, '2021-10-25 03:14:50', '2021-10-25 03:14:50'),
(3, 77, 0, 0, 0, 0, 0, 0, '2021-10-25 03:14:50', '2021-10-25 03:14:50'),
(4, 77, 0, 0, 0, 0, 0, 0, '2021-10-25 03:14:50', '2021-10-25 03:14:50'),
(1, 78, 0, 1, 1, 1, 1, 1, '2021-10-25 03:16:41', '2021-10-25 03:21:28'),
(2, 78, 0, 0, 0, 0, 0, 0, '2021-10-25 03:16:41', '2021-10-25 03:16:41'),
(3, 78, 0, 0, 0, 0, 0, 0, '2021-10-25 03:16:41', '2021-10-25 03:16:41'),
(4, 78, 0, 0, 0, 0, 0, 0, '2021-10-25 03:16:41', '2021-10-25 03:16:41'),
(1, 79, 0, 1, 1, 1, 1, 1, '2021-10-25 03:18:58', '2021-10-25 03:21:31'),
(2, 79, 0, 0, 0, 0, 0, 0, '2021-10-25 03:18:58', '2021-10-25 03:18:58'),
(3, 79, 0, 0, 0, 0, 0, 0, '2021-10-25 03:18:58', '2021-10-25 03:18:58'),
(4, 79, 0, 0, 0, 0, 0, 0, '2021-10-25 03:18:58', '2021-10-25 03:18:58'),
(1, 80, 0, 1, 1, 1, 1, 1, '2021-10-25 03:20:11', '2021-10-25 03:21:34'),
(2, 80, 0, 0, 0, 0, 0, 0, '2021-10-25 03:20:11', '2021-10-25 03:20:11'),
(3, 80, 0, 0, 0, 0, 0, 0, '2021-10-25 03:20:11', '2021-10-25 03:20:11'),
(4, 80, 0, 0, 0, 0, 0, 0, '2021-10-25 03:20:11', '2021-10-25 03:20:11'),
(1, 81, 0, 1, 1, 1, 1, 1, '2021-10-25 03:21:10', '2021-10-25 03:21:38'),
(2, 81, 0, 0, 0, 0, 0, 0, '2021-10-25 03:21:10', '2021-10-25 03:21:10'),
(3, 81, 0, 0, 0, 0, 0, 0, '2021-10-25 03:21:10', '2021-10-25 03:21:10'),
(4, 81, 0, 0, 0, 0, 0, 0, '2021-10-25 03:21:10', '2021-10-25 03:21:10');

-- --------------------------------------------------------

--
-- Struktur dari tabel `mid_wife_services`
--

CREATE TABLE `mid_wife_services` (
  `id` bigint(20) UNSIGNED NOT NULL,
  `service_uuid` char(36) COLLATE utf8mb4_unicode_ci NOT NULL,
  `treatment_id` bigint(20) UNSIGNED NOT NULL,
  `treatment_type` varchar(255) COLLATE utf8mb4_unicode_ci NOT NULL,
  `medical_activity_id` bigint(20) UNSIGNED NOT NULL,
  `amount` int(11) NOT NULL DEFAULT 1,
  `treatment_time` datetime NOT NULL,
  `officer_id` bigint(20) UNSIGNED NOT NULL,
  `created_at` timestamp NULL DEFAULT NULL,
  `updated_at` timestamp NULL DEFAULT NULL
) ENGINE=InnoDB DEFAULT CHARSET=utf8mb4 COLLATE=utf8mb4_unicode_ci;

-- --------------------------------------------------------

--
-- Struktur dari tabel `migrations`
--

CREATE TABLE `migrations` (
  `id` int(10) UNSIGNED NOT NULL,
  `migration` varchar(255) COLLATE utf8mb4_unicode_ci NOT NULL,
  `batch` int(11) NOT NULL
) ENGINE=InnoDB DEFAULT CHARSET=utf8mb4 COLLATE=utf8mb4_unicode_ci;

--
-- Dumping data untuk tabel `migrations`
--

INSERT INTO `migrations` (`id`, `migration`, `batch`) VALUES
(1, '2014_10_12_000000_create_users_table', 1),
(2, '2014_10_12_100000_create_password_resets_table', 1),
(3, '2019_08_19_000000_create_failed_jobs_table', 1),
(4, '2019_12_14_000001_create_personal_access_tokens_table', 1),
(5, '2021_08_23_125311_create_provinces_table', 1),
(6, '2021_08_23_125711_create_regencies_table', 1),
(7, '2021_08_23_125857_create_districts_table', 1),
(8, '2021_08_23_130019_create_villages_table', 1),
(9, '2021_08_24_100734_create_roles_table', 1),
(10, '2021_08_24_100743_create_role_with_users_table', 1),
(11, '2021_08_24_100800_create_menus_table', 1),
(12, '2021_08_24_100813_create_menu_with_roles_table', 1),
(13, '2021_08_24_101219_create_images_table', 1),
(14, '2021_08_24_102314_create_agamas_table', 1),
(15, '2021_08_24_102641_create_payment_methods_table', 1),
(16, '2021_08_24_102801_create_log_activities_table', 1),
(17, '2021_08_24_105040_create_nutrition_table', 1),
(18, '2021_08_25_031556_create_incinerators_table', 1),
(19, '2021_08_25_032723_create_identity_types_table', 1),
(20, '2021_08_25_033437_create_logistic_types_table', 1),
(21, '2021_08_25_033953_create_policlinic_types_table', 1),
(22, '2021_08_25_034219_create_registration_patient_types_table', 1),
(23, '2021_08_25_034354_create_reference_types_table', 1),
(24, '2021_08_25_034659_create_visit_types_table', 1),
(25, '2021_08_25_035055_create_case_types_table', 1),
(26, '2021_08_25_035845_create_medical_activity_types_table', 1),
(27, '2021_08_25_035850_create_medical_activities_table', 1),
(28, '2021_08_25_040540_create_oxygens_table', 1),
(29, '2021_08_25_040802_create_professions_table', 1),
(30, '2021_08_25_041519_create_corpse_examinations_table', 1),
(31, '2021_08_25_042714_create_units_table', 1),
(32, '2021_08_25_042748_create_periods_table', 1),
(33, '2021_08_25_043814_create_general_examinations_table', 1),
(34, '2021_08_25_060039_create_education_table', 1),
(35, '2021_08_25_062721_create_disease_classifications_table', 1),
(36, '2021_08_25_062827_create_disease_groups_table', 1),
(37, '2021_08_25_063101_create_diseases_table', 1),
(38, '2021_08_25_063452_create_special_treatments_table', 1),
(39, '2021_08_25_064658_create_medical_procedures_table', 1),
(40, '2021_08_25_065027_create_tribes_table', 1),
(41, '2021_08_25_065343_create_operation_actions_table', 1),
(42, '2021_08_25_070420_create_examination_actions_table', 1),
(43, '2021_08_25_070650_create_diagnosis_types_table', 1),
(44, '2021_08_25_070957_create_u_t_d_r_s_table', 1),
(45, '2021_08_25_073250_create_room_grades_table', 1),
(46, '2021_08_25_073539_create_polyclinics_table', 1),
(47, '2021_08_25_074048_create_polyclinic_rooms_table', 1),
(48, '2021_08_25_074514_create_rooms_table', 1),
(49, '2021_08_25_074642_create_room_beds_table', 1),
(50, '2021_08_25_075050_create_polyclinic_with_examination_actions_table', 1),
(51, '2021_08_25_075510_create_logistics_table', 1),
(52, '2021_08_25_075915_create_suppliers_table', 1),
(53, '2021_08_25_080010_create_receptions_table', 1),
(54, '2021_08_25_091445_create_logistic_transactions_table', 1),
(55, '2021_08_25_092640_create_positions_table', 1),
(56, '2021_08_25_095709_create_qualification_categories_table', 1),
(57, '2021_08_25_095930_create_qualifications_table', 1),
(58, '2021_08_25_100038_create_employees_table', 1),
(59, '2021_08_26_034913_create_laundry_types_table', 1),
(60, '2021_08_29_122044_create_patients_table', 1),
(61, '2021_08_29_225510_create_visits_table', 1),
(62, '2021_08_30_043444_create_emergency_patients_table', 1),
(63, '2021_08_30_043444_create_out_patients_table', 1),
(64, '2021_08_30_044447_create_in_patients_table', 1),
(65, '2021_08_30_153721_create_service_rates_table', 1),
(66, '2021_08_30_154846_create_diagnostic_services_table', 1),
(67, '2021_08_31_030834_create_nutrition_services_table', 1),
(68, '2021_08_31_031934_create_room_services_table', 1),
(69, '2021_08_31_032409_create_mid_wife_services_table', 1),
(70, '2021_08_31_033859_create_treatment_services_table', 1),
(71, '2021_08_31_034729_create_laundry_services_table', 1),
(72, '2021_08_31_035246_create_oxygen_services_table', 1),
(73, '2021_08_31_035503_create_examintaion_services_table', 1),
(74, '2021_08_31_035837_create_support_services_table', 1),
(75, '2021_08_31_040856_create_support_action_services_table', 1),
(76, '2021_08_31_042252_create_prinatologist_services_table', 1),
(77, '2021_08_31_042754_create_recipe_services_table', 1),
(78, '2021_08_31_042846_create_recipe_detail_services_table', 1),
(79, '2021_08_31_043319_create_action_services_table', 1),
(80, '2021_08_31_043456_create_visit_services_table', 1);

-- --------------------------------------------------------

--
-- Struktur dari tabel `m_agamas`
--

CREATE TABLE `m_agamas` (
  `id` bigint(20) UNSIGNED NOT NULL,
  `description` varchar(255) COLLATE utf8mb4_unicode_ci NOT NULL,
  `created_at` timestamp NULL DEFAULT NULL,
  `updated_at` timestamp NULL DEFAULT NULL
) ENGINE=InnoDB DEFAULT CHARSET=utf8mb4 COLLATE=utf8mb4_unicode_ci;

--
-- Dumping data untuk tabel `m_agamas`
--

INSERT INTO `m_agamas` (`id`, `description`, `created_at`, `updated_at`) VALUES
(1, 'islammm', '2021-10-21 02:59:38', '2021-11-11 03:39:24'),
(2, 'Kristen', '2021-10-21 02:59:46', '2021-11-11 03:14:18'),
(3, 'Hindu', '2021-10-21 02:59:55', '2021-10-21 02:59:55'),
(4, 'BUdha', '2021-11-28 20:17:45', '2021-11-28 20:17:45'),
(5, 'Hindu', '2021-11-28 20:27:15', '2021-11-28 20:27:15'),
(6, 'ddd', '2021-11-28 20:43:49', '2021-11-28 20:43:49'),
(7, 'animisme', '2021-11-28 21:20:41', '2021-11-28 21:20:41');

-- --------------------------------------------------------

--
-- Struktur dari tabel `m_case_types`
--

CREATE TABLE `m_case_types` (
  `id` bigint(20) UNSIGNED NOT NULL,
  `description` varchar(255) COLLATE utf8mb4_unicode_ci NOT NULL,
  `created_at` timestamp NULL DEFAULT NULL,
  `updated_at` timestamp NULL DEFAULT NULL
) ENGINE=InnoDB DEFAULT CHARSET=utf8mb4 COLLATE=utf8mb4_unicode_ci;

--
-- Dumping data untuk tabel `m_case_types`
--

INSERT INTO `m_case_types` (`id`, `description`, `created_at`, `updated_at`) VALUES
(1, 'Umum', '2021-10-24 21:38:10', '2021-10-24 21:38:10'),
(2, 'Gigi', '2021-10-24 21:38:21', '2021-10-24 21:38:21'),
(3, 'Bedah', '2021-10-24 21:38:30', '2021-10-24 21:38:30');

-- --------------------------------------------------------

--
-- Struktur dari tabel `m_corpse_examinations`
--

CREATE TABLE `m_corpse_examinations` (
  `id` bigint(20) UNSIGNED NOT NULL,
  `description` varchar(255) COLLATE utf8mb4_unicode_ci NOT NULL,
  `created_at` timestamp NULL DEFAULT NULL,
  `updated_at` timestamp NULL DEFAULT NULL
) ENGINE=InnoDB DEFAULT CHARSET=utf8mb4 COLLATE=utf8mb4_unicode_ci;

-- --------------------------------------------------------

--
-- Struktur dari tabel `m_diagnosis_types`
--

CREATE TABLE `m_diagnosis_types` (
  `id` bigint(20) UNSIGNED NOT NULL,
  `description` varchar(255) COLLATE utf8mb4_unicode_ci NOT NULL,
  `created_at` timestamp NULL DEFAULT NULL,
  `updated_at` timestamp NULL DEFAULT NULL
) ENGINE=InnoDB DEFAULT CHARSET=utf8mb4 COLLATE=utf8mb4_unicode_ci;

--
-- Dumping data untuk tabel `m_diagnosis_types`
--

INSERT INTO `m_diagnosis_types` (`id`, `description`, `created_at`, `updated_at`) VALUES
(1, 'Utama', NULL, NULL),
(3, 'Sekunder', NULL, NULL),
(4, 'Kompilasi', NULL, NULL),
(5, 'Penyebab Kematian A', NULL, NULL),
(6, 'Penyebab Kematian B', NULL, NULL),
(7, 'Penyebab Kematian C', NULL, NULL),
(8, 'Penyebab Kematian Lainya', NULL, NULL);

-- --------------------------------------------------------

--
-- Struktur dari tabel `m_diseases`
--

CREATE TABLE `m_diseases` (
  `id` bigint(20) UNSIGNED NOT NULL,
  `group_id` bigint(20) UNSIGNED DEFAULT NULL,
  `icd` varchar(255) COLLATE utf8mb4_unicode_ci NOT NULL,
  `description` varchar(255) COLLATE utf8mb4_unicode_ci NOT NULL,
  `created_at` timestamp NULL DEFAULT NULL,
  `updated_at` timestamp NULL DEFAULT NULL
) ENGINE=InnoDB DEFAULT CHARSET=utf8mb4 COLLATE=utf8mb4_unicode_ci;

--
-- Dumping data untuk tabel `m_diseases`
--

INSERT INTO `m_diseases` (`id`, `group_id`, `icd`, `description`, `created_at`, `updated_at`) VALUES
(1, 1, 'dfd', 'vxc', NULL, NULL);

-- --------------------------------------------------------

--
-- Struktur dari tabel `m_disease_classifications`
--

CREATE TABLE `m_disease_classifications` (
  `id` bigint(20) UNSIGNED NOT NULL,
  `description` varchar(255) COLLATE utf8mb4_unicode_ci NOT NULL,
  `created_at` timestamp NULL DEFAULT NULL,
  `updated_at` timestamp NULL DEFAULT NULL
) ENGINE=InnoDB DEFAULT CHARSET=utf8mb4 COLLATE=utf8mb4_unicode_ci;

--
-- Dumping data untuk tabel `m_disease_classifications`
--

INSERT INTO `m_disease_classifications` (`id`, `description`, `created_at`, `updated_at`) VALUES
(1, 'dddddd', NULL, NULL);

-- --------------------------------------------------------

--
-- Struktur dari tabel `m_disease_groups`
--

CREATE TABLE `m_disease_groups` (
  `id` bigint(20) UNSIGNED NOT NULL,
  `classification_id` bigint(20) UNSIGNED NOT NULL,
  `icd` varchar(255) COLLATE utf8mb4_unicode_ci NOT NULL,
  `description` varchar(255) COLLATE utf8mb4_unicode_ci NOT NULL,
  `created_at` timestamp NULL DEFAULT NULL,
  `updated_at` timestamp NULL DEFAULT NULL
) ENGINE=InnoDB DEFAULT CHARSET=utf8mb4 COLLATE=utf8mb4_unicode_ci;

--
-- Dumping data untuk tabel `m_disease_groups`
--

INSERT INTO `m_disease_groups` (`id`, `classification_id`, `icd`, `description`, `created_at`, `updated_at`) VALUES
(1, 1, 'dfdfdf', 'jljllk', NULL, NULL);

-- --------------------------------------------------------

--
-- Struktur dari tabel `m_education`
--

CREATE TABLE `m_education` (
  `id` bigint(20) UNSIGNED NOT NULL,
  `description` varchar(255) COLLATE utf8mb4_unicode_ci NOT NULL,
  `created_at` timestamp NULL DEFAULT NULL,
  `updated_at` timestamp NULL DEFAULT NULL
) ENGINE=InnoDB DEFAULT CHARSET=utf8mb4 COLLATE=utf8mb4_unicode_ci;

--
-- Dumping data untuk tabel `m_education`
--

INSERT INTO `m_education` (`id`, `description`, `created_at`, `updated_at`) VALUES
(1, 'SMP', '2021-10-24 20:51:37', '2021-10-24 20:51:37'),
(2, 'SMA/Sederajat', '2021-10-24 20:51:51', '2021-10-24 20:51:51'),
(3, 'S1', '2021-10-24 20:52:00', '2021-10-24 20:52:00'),
(4, 'S2', '2021-10-24 20:52:11', '2021-10-24 20:52:11');

-- --------------------------------------------------------

--
-- Struktur dari tabel `m_examination_actions`
--

CREATE TABLE `m_examination_actions` (
  `id` bigint(20) UNSIGNED NOT NULL,
  `parent_id` bigint(20) UNSIGNED DEFAULT NULL,
  `description` varchar(255) COLLATE utf8mb4_unicode_ci NOT NULL,
  `type` varchar(255) COLLATE utf8mb4_unicode_ci NOT NULL,
  `procedure_id` bigint(20) UNSIGNED DEFAULT NULL,
  `created_at` timestamp NULL DEFAULT NULL,
  `updated_at` timestamp NULL DEFAULT NULL
) ENGINE=InnoDB DEFAULT CHARSET=utf8mb4 COLLATE=utf8mb4_unicode_ci;

--
-- Dumping data untuk tabel `m_examination_actions`
--

INSERT INTO `m_examination_actions` (`id`, `parent_id`, `description`, `type`, `procedure_id`, `created_at`, `updated_at`) VALUES
(1, NULL, 'jjjjj', 'd', NULL, NULL, NULL),
(2, NULL, 'hhhhh hhh', 'hh', NULL, NULL, NULL),
(3, NULL, 'ggggg ggg', 'gg', NULL, NULL, NULL);

-- --------------------------------------------------------

--
-- Struktur dari tabel `m_general_examinations`
--

CREATE TABLE `m_general_examinations` (
  `id` bigint(20) UNSIGNED NOT NULL,
  `description` varchar(255) COLLATE utf8mb4_unicode_ci NOT NULL,
  `unit` bigint(20) UNSIGNED NOT NULL,
  `period` bigint(20) UNSIGNED NOT NULL,
  `created_at` timestamp NULL DEFAULT NULL,
  `updated_at` timestamp NULL DEFAULT NULL
) ENGINE=InnoDB DEFAULT CHARSET=utf8mb4 COLLATE=utf8mb4_unicode_ci;

--
-- Dumping data untuk tabel `m_general_examinations`
--

INSERT INTO `m_general_examinations` (`id`, `description`, `unit`, `period`, `created_at`, `updated_at`) VALUES
(3, 'operasi kulit', 2, 2, NULL, NULL),
(4, 'Operasi gigi', 1, 2, NULL, NULL);

-- --------------------------------------------------------

--
-- Struktur dari tabel `m_identity_types`
--

CREATE TABLE `m_identity_types` (
  `id` bigint(20) UNSIGNED NOT NULL,
  `description` varchar(255) COLLATE utf8mb4_unicode_ci NOT NULL,
  `created_at` timestamp NULL DEFAULT NULL,
  `updated_at` timestamp NULL DEFAULT NULL
) ENGINE=InnoDB DEFAULT CHARSET=utf8mb4 COLLATE=utf8mb4_unicode_ci;

--
-- Dumping data untuk tabel `m_identity_types`
--

INSERT INTO `m_identity_types` (`id`, `description`, `created_at`, `updated_at`) VALUES
(1, 'KTP', '2021-10-24 21:15:57', '2021-10-24 21:15:57'),
(2, 'SIM', '2021-10-24 21:16:06', '2021-10-24 21:16:06'),
(3, 'BPJS', '2021-10-24 21:16:17', '2021-10-24 21:16:17'),
(4, 'NPWP', '2021-10-24 21:16:45', '2021-10-24 21:16:45');

-- --------------------------------------------------------

--
-- Struktur dari tabel `m_incinerators`
--

CREATE TABLE `m_incinerators` (
  `id` bigint(20) UNSIGNED NOT NULL,
  `parent_id` bigint(20) UNSIGNED DEFAULT NULL,
  `name` varchar(255) COLLATE utf8mb4_unicode_ci NOT NULL,
  `description` varchar(255) COLLATE utf8mb4_unicode_ci NOT NULL,
  `unit` varchar(255) COLLATE utf8mb4_unicode_ci DEFAULT NULL,
  `created_at` timestamp NULL DEFAULT NULL,
  `updated_at` timestamp NULL DEFAULT NULL
) ENGINE=InnoDB DEFAULT CHARSET=utf8mb4 COLLATE=utf8mb4_unicode_ci;

--
-- Dumping data untuk tabel `m_incinerators`
--

INSERT INTO `m_incinerators` (`id`, `parent_id`, `name`, `description`, `unit`, `created_at`, `updated_at`) VALUES
(1, NULL, 'hhhh', 'gggggg', 'kkkk', NULL, NULL),
(2, NULL, 'hh', 'jj', 'kkk', NULL, NULL);

-- --------------------------------------------------------

--
-- Struktur dari tabel `m_laundry_types`
--

CREATE TABLE `m_laundry_types` (
  `id` bigint(20) UNSIGNED NOT NULL,
  `description` varchar(255) COLLATE utf8mb4_unicode_ci NOT NULL,
  `unit_id` bigint(20) UNSIGNED DEFAULT NULL,
  `created_at` timestamp NULL DEFAULT NULL,
  `updated_at` timestamp NULL DEFAULT NULL
) ENGINE=InnoDB DEFAULT CHARSET=utf8mb4 COLLATE=utf8mb4_unicode_ci;

-- --------------------------------------------------------

--
-- Struktur dari tabel `m_logistic_types`
--

CREATE TABLE `m_logistic_types` (
  `id` bigint(20) UNSIGNED NOT NULL,
  `description` varchar(255) COLLATE utf8mb4_unicode_ci NOT NULL,
  `created_at` timestamp NULL DEFAULT NULL,
  `updated_at` timestamp NULL DEFAULT NULL
) ENGINE=InnoDB DEFAULT CHARSET=utf8mb4 COLLATE=utf8mb4_unicode_ci;

--
-- Dumping data untuk tabel `m_logistic_types`
--

INSERT INTO `m_logistic_types` (`id`, `description`, `created_at`, `updated_at`) VALUES
(1, 'khh hhhh', NULL, NULL);

-- --------------------------------------------------------

--
-- Struktur dari tabel `m_medical_activities`
--

CREATE TABLE `m_medical_activities` (
  `id` bigint(20) UNSIGNED NOT NULL,
  `type` bigint(20) UNSIGNED NOT NULL,
  `description` varchar(255) COLLATE utf8mb4_unicode_ci NOT NULL,
  `created_at` timestamp NULL DEFAULT NULL,
  `updated_at` timestamp NULL DEFAULT NULL
) ENGINE=InnoDB DEFAULT CHARSET=utf8mb4 COLLATE=utf8mb4_unicode_ci;

--
-- Dumping data untuk tabel `m_medical_activities`
--

INSERT INTO `m_medical_activities` (`id`, `type`, `description`, `created_at`, `updated_at`) VALUES
(1, 1, 'df', '2021-10-24 22:51:20', '2021-10-24 22:51:20'),
(2, 2, 'ksjdhfkjh', '2021-10-24 22:51:35', '2021-10-24 22:51:35'),
(3, 2, 'sdf', '2021-10-27 03:11:54', '2021-10-27 03:11:54');

-- --------------------------------------------------------

--
-- Struktur dari tabel `m_medical_activity_types`
--

CREATE TABLE `m_medical_activity_types` (
  `id` bigint(20) UNSIGNED NOT NULL,
  `description` varchar(255) COLLATE utf8mb4_unicode_ci NOT NULL,
  `created_at` timestamp NULL DEFAULT NULL,
  `updated_at` timestamp NULL DEFAULT NULL
) ENGINE=InnoDB DEFAULT CHARSET=utf8mb4 COLLATE=utf8mb4_unicode_ci;

--
-- Dumping data untuk tabel `m_medical_activity_types`
--

INSERT INTO `m_medical_activity_types` (`id`, `description`, `created_at`, `updated_at`) VALUES
(1, 'Operasi', '2021-10-24 22:48:31', '2021-10-24 22:48:31'),
(2, 'Bedah', '2021-10-24 22:48:42', '2021-10-24 22:48:42'),
(3, 'Periksa Umum', '2021-10-24 22:48:51', '2021-10-24 22:48:51');

-- --------------------------------------------------------

--
-- Struktur dari tabel `m_medical_procedures`
--

CREATE TABLE `m_medical_procedures` (
  `id` bigint(20) UNSIGNED NOT NULL,
  `description` varchar(255) COLLATE utf8mb4_unicode_ci NOT NULL,
  `created_at` timestamp NULL DEFAULT NULL,
  `updated_at` timestamp NULL DEFAULT NULL
) ENGINE=InnoDB DEFAULT CHARSET=utf8mb4 COLLATE=utf8mb4_unicode_ci;

-- --------------------------------------------------------

--
-- Struktur dari tabel `m_menus`
--

CREATE TABLE `m_menus` (
  `id` bigint(20) UNSIGNED NOT NULL,
  `uuid` char(36) COLLATE utf8mb4_unicode_ci NOT NULL,
  `name` varchar(150) COLLATE utf8mb4_unicode_ci NOT NULL,
  `slug` varchar(150) COLLATE utf8mb4_unicode_ci NOT NULL,
  `url` varchar(200) COLLATE utf8mb4_unicode_ci NOT NULL,
  `parent_id` bigint(20) UNSIGNED DEFAULT NULL,
  `order` int(11) NOT NULL,
  `icon` varchar(150) COLLATE utf8mb4_unicode_ci DEFAULT NULL,
  `component` varchar(255) COLLATE utf8mb4_unicode_ci NOT NULL,
  `api_module` varchar(255) COLLATE utf8mb4_unicode_ci DEFAULT NULL,
  `must_login` tinyint(1) NOT NULL DEFAULT 0,
  `is_active` tinyint(1) NOT NULL DEFAULT 0,
  `is_parent` tinyint(1) NOT NULL DEFAULT 0,
  `created_at` timestamp NULL DEFAULT NULL,
  `updated_at` timestamp NULL DEFAULT NULL
) ENGINE=InnoDB DEFAULT CHARSET=utf8mb4 COLLATE=utf8mb4_unicode_ci;

--
-- Dumping data untuk tabel `m_menus`
--

INSERT INTO `m_menus` (`id`, `uuid`, `name`, `slug`, `url`, `parent_id`, `order`, `icon`, `component`, `api_module`, `must_login`, `is_active`, `is_parent`, `created_at`, `updated_at`) VALUES
(8, '690fec3b-2b48-405c-9c23-29b8054fb8fe', 'Beranda', 'dashboard', 'http://localhost:8000/dashboard', 0, 1, 'far fa-chart-line', './pages/Dashboard.vue', NULL, 1, 1, 0, '2021-09-21 02:27:28', '2021-09-21 02:27:28'),
(9, 'e0b630b1-0268-4509-adce-9672e2e615c1', 'Daftar Kunjungan', '#', '#', 0, 2, 'far fa-calendar-alt', '.', NULL, 1, 1, 1, '2021-09-21 02:29:25', '2021-09-21 02:29:25'),
(10, '37ab253e-4dd9-4c44-9454-b33fcab201da', 'Keuangan', '#', '#', 0, 3, 'far fa-wallet', '.', NULL, 1, 1, 1, '2021-09-21 02:30:23', '2021-09-21 02:30:23'),
(11, '7a49d8c5-6855-42df-b2be-143b20b8b2aa', 'Registrasi', '#', '#', 0, 4, 'far fa-book-medical', '.', NULL, 1, 1, 1, '2021-09-21 02:32:57', '2021-09-21 02:32:57'),
(12, '02ddd360-0c2d-424b-9fcb-8bb0a8a0d903', 'Instalasi Penunjang', '#', '#', 0, 5, 'far fa-hospital-user', '.', NULL, 1, 1, 1, '2021-09-21 02:34:17', '2021-09-21 02:34:17'),
(13, '8fd13713-3a29-408e-a59a-44742e7e4d8e', 'Farmasi dan Logistik', '#', '#', 0, 6, 'far fa-boxes-alt', '.', NULL, 1, 1, 1, '2021-09-21 02:35:43', '2021-09-21 02:35:43'),
(14, 'f5d14709-2d07-433a-9fb3-e3bb517c5f73', 'Daftar Pasien', 'daftar-pasien', 'http://localhost:8000/pasien/daftar-pasien', 0, 7, 'far fa-hospital-user', './pages/pasien/DaftarPasien.vue', 'daftar-pasien', 1, 1, 0, '2021-10-21 02:03:23', '2021-10-21 02:03:23'),
(15, 'd505fd77-663c-424d-adb9-b509d8496e19', 'Daftar Pegawai', '#', '#', 0, 8, 'far fa-hospital-user', '.', NULL, 1, 1, 1, '2021-09-21 03:48:18', '2021-09-21 03:48:18'),
(16, '99393631-f287-4a00-8708-8285b7a90eee', 'Daftar Tariff', 'tarif', 'http://localhost:8000/tarif/tarif', 0, 9, 'far fa-money-check-alt', '../pages/tarif/Tarif.vue', 'tarif', 1, 1, 0, '2021-09-21 03:49:51', '2021-10-25 19:45:40'),
(17, 'eb4bdceb-b2ec-43c7-8673-05d9e2206ec7', 'Poliklinik/Ruangan', '#', '#', 0, 10, 'far fa-hospitals', '.', NULL, 1, 1, 1, '2021-09-21 03:51:24', '2021-09-21 03:51:24'),
(18, '489179d9-5512-4346-a91d-fd41bd8e4881', 'Master Data', '#', '#', 0, 11, 'far fa-database', '.', NULL, 1, 1, 1, '2021-09-21 03:53:05', '2021-09-21 03:53:05'),
(19, '42ccc697-6215-4b27-9ed3-29d4e3fff751', 'System', '#', '#', 0, 11, 'far fa-cogs', '.', NULL, 1, 1, 1, '2021-09-21 03:53:31', '2021-09-21 03:53:31'),
(20, '00762b06-cf8e-4570-956e-f9eca0927d4c', 'Manajemen Role', 'role-management', 'http://localhost:8000/system/role-management', 19, 1, 'far fa-user-shield', './pages/system/RoleManagement.vue', 'roles', 1, 1, 0, '2021-09-21 05:59:03', '2021-09-21 05:59:03'),
(21, 'd0456291-7c66-4ee9-b1f0-fcf1df8a6eaa', 'Manajemen User', 'user-management', 'http://localhost:8000/system/user-management', 19, 2, 'far fa-user-cog', './pages/system/UserManagement.vue', 'users', 1, 1, 0, '2021-09-21 06:00:11', '2021-09-21 06:00:11'),
(22, '52452a79-43f8-4a00-9914-bd6646e3ba35', 'Manajemen Module', 'module-management', 'http://localhost:8000/system/module-management', 19, 3, 'far fa-sliders-v', './pages/system/ModuleManagement.vue', 'modules', 1, 1, 0, '2021-09-21 06:01:45', '2021-09-24 03:10:51'),
(25, '9daef5e9-5d7f-45a4-a4ba-4f4e24ec2103', 'Manajemen Akses Module', 'access-module-management', 'http://localhost:8000/system/access-module-management', 19, 4, 'far fa-bars', './pages/system/AccessModuleManagement.vue', 'r-modules', 1, 1, 0, '2021-09-24 01:35:10', '2021-09-26 07:38:00'),
(27, '579573af-29c5-42ec-885b-f35782682bf0', 'Rawat Inap', 'rawat-inap', 'http://localhost:8000/kunjungan/rawat-inap', 9, 2, '.', './pages/kunjungan/RawatInap/RawatInap.vue', 'rawat-inap', 1, 1, 0, '2021-10-21 00:31:00', '2021-10-21 00:31:00'),
(28, 'eeaf4b4b-63c7-492b-98f4-cbed16c844b2', 'Rawat Darurat', 'rawat-darurat', 'http://localhost:8000/kunjungan/rawat-darurat', 9, 3, '.', './pages/kunjungan/RawatDarurat/RawatDarurat.vue', 'rawat-darurat', 1, 1, 0, '2021-10-21 00:32:32', '2021-10-21 00:32:32'),
(29, 'd9a815e0-26de-4b95-839b-ffadac037205', 'Kasir Umum', 'keuangan', 'http://localhost:8000/keuangan/keuangan', 10, 1, '.', './pages/Keuangan/Keuangan.vue', 'keuangan', 1, 1, 0, '2021-10-21 00:42:39', '2021-10-21 00:42:39'),
(30, 'a4336e14-61c1-48bb-b4ae-62190ee92eb9', 'Reg. Rawat Jalan', 'reg-rawat-jalan', 'http://localhost:8000/registrasi/reg-rawat-jalan', 11, 1, '.', './pages/registrasi/RegRawatJalan.vue', 'reg-rawat-jalan', 1, 1, 0, '2021-10-21 00:44:14', '2021-10-21 00:44:14'),
(31, '84cd9bba-f4bc-4aaa-9ac6-9306ea46e334', 'Reg. Rawat Inap', 'reg-rawat-inap', 'http://localhost:8000/registrasi/reg-rawat-inap', 11, 2, '.', './pages/registrasi/RegRawatInap.vue', 'reg-rawat-inap', 1, 1, 0, '2021-10-21 00:46:24', '2021-10-21 00:46:24'),
(32, '49de5af2-6f76-4e52-aa91-2767a567556d', 'Laboratorium', 'laboratorium', 'http://localhost:8000/penunjang/laboratorium', 12, 1, '.', './pages/penunjang/Laboratorium.vue', 'laboratorium', 1, 1, 0, '2021-10-21 01:26:42', '2021-10-21 01:26:42'),
(33, '9690863c-8d10-4669-aecd-3f480867df37', 'Radiologi', 'radiologi', 'http://localhost:8000/penunjang/radiologi', 12, 2, '.', './pages/penunjang/Radiologi.vue', 'radiologi', 1, 1, 0, '2021-10-21 01:28:14', '2021-10-21 01:28:14'),
(34, '3773d61c-ac7b-4752-be6f-ddf58aad7b5a', 'Operasi', 'operasi', 'http://localhost:8000/penunjang/operasi', 12, 2, '.', './pages/penunjang/Operasi.vue', 'operasi', 1, 1, 0, '2021-10-21 01:30:54', '2021-10-21 01:30:54'),
(35, '58c7ef89-b078-46b6-aa40-bfaa881d62c5', 'Insenerator', 'insenerator', 'http://localhost:8000/penunjang/insenerator', 12, 4, '.', './pages/penunjang/Insenerator.vue', 'insenerator', 1, 1, 0, '2021-10-21 01:33:12', '2021-10-21 01:33:12'),
(36, '8152deb6-d17f-45bc-9d5a-efd985f2ec34', 'UTDRS', 'utdrs', 'http://localhost:8000/penunjang/utdrs', 12, 5, '.', './pages/penunjang/Utdrs.vue', 'utdrs', 1, 1, 0, '2021-10-21 01:34:45', '2021-10-21 01:34:45'),
(37, 'de77d4f6-3cb3-42bd-a995-b2e1e5b49653', 'Kamar Jenazah', 'kamar-jenazah', 'http://localhost:8000/penunjang/kamar-jenazah', 12, 6, '.', './pages/penunjang/KamarJenazah.vue', 'kamar-jenazah', 1, 1, 0, '2021-10-21 01:36:08', '2021-10-21 01:36:08'),
(38, '4100ca1c-cfeb-4e65-98f8-7a4da5e594df', 'Rawat Jalan', 'rawat-jalan', 'http://localhost:8000/kunjungan/rawat-jalan', 9, 1, '.', './pages/kunjungan/RawatJalan/RawatJalan.vue', 'rawat-jalan', 1, 1, 0, '2021-10-21 01:55:33', '2021-10-21 01:55:33'),
(42, 'dbf85e1d-f58d-41c9-92c4-583408a0368c', 'Jabatan', 'jabatan', 'http://localhost:8000/pegawai/jabatan', 15, 2, '.', './pages/pegawai/Jabatan.vue', 'jabatan', 1, 1, 0, '2021-10-21 02:27:52', '2021-10-21 02:27:52'),
(43, '60dfa417-7711-49ab-915e-be14fa17865d', 'Kategori Kualifikasii', 'kategori-kualifikasi', 'http://localhost:8000/pegawai/kategori-kualifikasi', 15, 3, '.', './pages/pegawai/KategoriKualifikasi.vue', 'kategori-kualifikasi', 1, 1, 0, '2021-10-21 02:31:18', '2021-10-21 02:45:18'),
(44, '08597abf-7a59-4857-8782-f6a085d0cec4', 'Kualifikasi', 'kualifikasi', 'http://localhost:8000/pegawai/kualifikasi', 15, 4, '.', './pages/pegawai/Kualifikasi.vue', 'kualifikasi', 1, 1, 0, '2021-10-21 02:47:01', '2021-10-21 02:47:01'),
(45, '8bce97ff-35aa-402b-8830-138645857907', 'Daftar Agama', 'daftar-agama', 'http://localhost:8000/master/daftar-agama', 18, 1, '.', './pages/master/DaftarAgama.vue', 'daftar-agama', 1, 1, 0, '2021-10-21 02:51:45', '2021-10-21 02:51:45'),
(46, 'd79666bc-fc1d-4540-be0e-38bd5a57eab6', 'Daftar Cara Pembayaran', 'daftar-cara-pembayaran', 'http://localhost:8000/master/daftar-cara-pembayaran', 18, 2, '.', './pages/master/DaftarCaraPembayaran.vue', 'daftar-cara-pembayaran', 1, 1, 0, '2021-10-21 02:54:07', '2021-10-21 02:54:07'),
(47, '33705344-5cd4-467b-af94-b6465296d130', 'Daftar Gizi', 'daftar-gizi', 'http://localhost:8000/master/daftar-gizi', 18, 3, '.', './pages/master/DaftarGizi.vue', 'daftar-gizi', 1, 1, 0, '2021-10-21 02:57:35', '2021-10-21 02:57:35'),
(48, '91ac7c3a-5515-4c78-b0f6-54dc4da17336', 'Reg. Rawat Darurat', 'reg-rawat-darurat', 'http://localhost:8000/registrasi/reg-rawat-darurat', 11, 3, '.', './pages/registrasi/RegRawatDarurat.vue', 'reg-rawat-darurat', 1, 1, 0, '2021-10-21 04:54:14', '2021-10-21 04:54:14'),
(49, '43fc12cb-fbef-4d8c-a80e-76671b35bdff', 'Daftar Insenerator', 'daftar-insenerator', 'http://localhost:8000/master/daftar-insenerator', 18, 4, '.', './pages/master/DaftarInsenerator.vue', 'daftar-insenerator', 1, 1, 0, '2021-10-21 04:59:37', '2021-10-21 04:59:37'),
(50, '1238f57d-3a52-4bbe-8141-2ac1d6a065fe', 'Daftar Kasus', 'daftar-kasus', 'http://localhost:8000/master/daftar-kasus', 18, 5, '.', './pages/master/DaftarKasus.vue', 'daftar-kasus', 1, 1, 0, '2021-10-21 05:00:45', '2021-10-21 05:00:45'),
(51, '87280a15-7838-4de8-9458-8129dd1451c5', 'Daftar Kegiatan', 'daftar-kegiatan', 'http://localhost:8000/master/daftar-kegiatan', 18, 6, '.', './pages/master/DaftarKegiatan.vue', 'daftar-kegiatan', 1, 1, 0, '2021-10-21 05:01:47', '2021-10-21 05:01:47'),
(52, '593b3125-e8af-476d-a7ae-7241e6ccb874', 'Daftar Oksigen', 'daftar-oksigen', 'http://localhost:8000/master/daftar-oksigen', 18, 7, '.', './pages/master/DaftarOksigen.vue', 'daftar-oksigen', 1, 1, 0, '2021-10-21 05:03:24', '2021-10-21 05:03:24'),
(53, 'ee1fc95a-0c76-40ef-8b4a-1e56cc9db44d', 'Daftar Pekerjaan', 'daftar-pekerjaan', 'http://localhost:8000/master/daftar-pekerjaan', 18, 8, '.', './pages/master/DaftarPekerjaan.vue', 'daftar-pekerjaan', 1, 1, 0, '2021-10-21 05:04:58', '2021-10-21 05:04:58'),
(54, '8824dc48-02b6-41ab-9d61-58e57716f3c8', 'Daftar pemeriksaan Jenazah', 'daftar-pemeriksaan-jenazah', 'http://localhost:8000/master/daftar-pemeriksaan-jenazah', 18, 9, '.', './pages/master/DaftarPemeriksaanJenazah.vue', 'daftar-pemeriksaan-jenazah', 1, 1, 0, '2021-10-21 05:06:50', '2021-10-21 05:06:50'),
(55, '331336b6-8bb0-487b-a140-cfaf92efcebb', 'Daftar Pemeriksaan umum', 'daftar-pemeriksaan-umum', 'http://localhost:8000/master/daftar-pemeriksaan-umum', 18, 10, '.', './pages/master/DaftarPemeriksaanUmum.vue', 'daftar-pemeriksaan-umum', 1, 1, 0, '2021-10-21 05:09:30', '2021-10-21 05:09:30'),
(56, '491a9fe1-6d56-47b2-aa90-e32d0e6d2256', 'Daftar Pendidikan', 'daftar-pendidikan', 'http://localhost:8000/master/daftar-pendidikan', 18, 11, '.', './pages/master/DaftarPendidikan.vue', 'daftar-pendidikan', 1, 1, 0, '2021-10-21 05:23:20', '2021-10-21 05:23:20'),
(57, '8693fa21-5ec3-48b4-84cc-613f17cfa253', 'Daftar Perawatan Khusus', 'daftar-perawatan-khusus', 'http://localhost:8000/master/daftar-perawatan-khusus', 18, 11, '.', './pages/master/DaftarPerawatanKhusus.vue', 'daftar-perawatan-khusus', 1, 1, 0, '2021-10-21 05:25:04', '2021-10-21 05:25:04'),
(58, '5edba3ac-d4b6-4cdf-b8dc-17d6ae03f466', 'Daftar Penyakit', 'daftar-penyakit', 'http://localhost:8000/master/daftar-penyakit', 18, 13, '.', './pages/master/DaftarPenyakit.vue', 'daftar-penyakit', 1, 1, 0, '2021-10-21 05:31:17', '2021-10-21 05:31:17'),
(59, 'abc073f9-6f63-4cb9-aeb1-f21267d7dfd1', 'Daftar Prosedure', 'daftar-prosedure', 'http://localhost:8000/master/daftar-prosedure', 18, 14, '.', './pages/master/DaftarProsedure.vue', 'daftar-prosedure', 1, 1, 0, '2021-10-21 05:32:36', '2021-10-21 05:32:36'),
(60, 'bd72b3c7-f797-4f60-bcbc-d3e79c79b3b0', 'Daftar Suku', 'daftar-suku', 'http://localhost:8000/master/daftar-suku', 18, 15, '.', './pages/master/DaftarSuku.vue', 'daftar-suku', 1, 1, 0, '2021-10-21 05:33:39', '2021-10-21 05:33:39'),
(61, '440749da-f10c-4296-bf9d-4c1f398e213c', 'Daftar Tindakan', 'daftar-tindakan', 'http://localhost:8000/master/daftar-tindakan', 18, 16, '.', './pages/master/DaftarTindakan.vue', 'daftar-tindakan', 1, 1, 0, '2021-10-21 05:36:08', '2021-10-21 05:36:08'),
(62, 'e6e6b29e-7248-4b9d-8e8c-a0635a0ad8c0', 'Daftar Tindakan Operasi', 'daftar-tindakan-operasi', 'http://localhost:8000/master/daftar-tindakan-operasi', 18, 17, '.', './pages/master/DaftarTindakanOperasi.vue', 'daftar-tindakan-operasi', 1, 1, 0, '2021-10-24 20:58:37', '2021-10-24 20:58:37'),
(63, '375be086-4a1c-4781-a363-b48f661aa1e7', 'Daftar Type Diagnosa', 'daftar-type-diagnosa', 'http://localhost:8000/master/daftar-type-diagnosa', 18, 18, '.', './pages/master/DaftarTypeDiagnosa.vue', 'daftar-type-diagnosa', 1, 1, 0, '2021-10-24 20:59:50', '2021-10-24 20:59:50'),
(64, '1f47f5e8-3dca-44c1-8bd6-fde0f7ff0af3', 'Daftar UTDRS', 'daftar-utdrs', 'http://localhost:8000/master/daftar-utdrs', 18, 19, '.', './pages/master/DaftarUtdrs.vue', 'daftar-utdrs', 1, 1, 0, '2021-10-24 21:02:03', '2021-10-24 21:02:03'),
(65, '0906c30b-df2d-4b7b-8b37-b181bfcd46ee', 'Daftar Identitas', 'daftar-identitas', 'http://localhost:8000/master/daftar-identitas', 18, 20, '.', './pages/master/DaftarIdentitas.vue', 'daftar-identitas', 1, 1, 0, '2021-10-24 21:04:08', '2021-10-24 21:04:08'),
(66, '8e1f7d88-670c-483c-b12d-815e167f2d9c', 'Daftar Laundry', 'daftar-laundry', 'http://localhost:8000/master/daftar-laundry', 18, 21, '.', './pages/master/DaftarLaundry.vue', 'daftar-laundry', 1, 1, 0, '2021-10-24 21:05:17', '2021-10-24 21:05:17'),
(67, 'ccd72d15-b0ab-41e9-8ae8-d1795b0c73fa', 'Daftar Logistik', 'daftar-logistik', 'http://localhost:8000/master/daftar-logistik', 18, 22, '.', './pages/master/DaftarLogistik.vue', 'daftar-logistik', 1, 1, 0, '2021-10-24 21:06:29', '2021-10-24 21:06:29'),
(68, '2e38ccac-6e93-4ef0-a8ed-9622e58d47e0', 'Daftar Poliklinik', 'daftar-poliklinik', 'http://localhost:8000/master/daftar-poliklinik', 18, 23, '.', './pages/master/DaftarPoliklinik.vue', 'daftar-poliklinik', 1, 1, 0, '2021-10-24 21:07:53', '2021-10-24 21:07:53'),
(69, 'bc2cd036-39ec-48ca-a40c-530cd880f3b2', 'Daftar Registrasi', 'daftar-registrasi', 'http://localhost:8000/master/daftar-registrasi', 18, 24, '.', './pages/master/DaftarRegistrasi.vue', 'daftar-registrasi', 1, 1, 0, '2021-10-24 21:09:58', '2021-10-24 21:09:58'),
(70, '14a29bdb-2a6e-4892-b0b2-286bf08181c4', 'Daftar Rujukan', 'daftar-rujukan', 'http://localhost:8000/master/daftar-rujukan', 18, 25, '.', './pages/master/DaftarRujukan.vue', 'daftar-rujukan', 1, 1, 0, '2021-10-24 21:10:58', '2021-10-24 21:10:58'),
(71, 'f450cd27-8419-4cef-9ac0-c9f7a79d6fce', 'Jenis Visite', 'jenis-visite', 'http://localhost:8000/master/jenis-visite', 18, 26, '.', './pages/master/JenisVisite.vue', 'jenis-visite', 1, 1, 0, '2021-10-24 21:11:54', '2021-10-24 21:11:54'),
(72, '1633302e-b4a8-4262-8ef7-c31ba6350df6', 'Daftar-Pegawai', 'daftar-pegawai', 'http://localhost:8000/pegawai/daftar-pegawai', 15, 1, '.', './pages/pegawai/DaftarPegawai.vue', 'daftar-pegawai', 1, 1, 0, '2021-10-24 21:31:19', '2021-10-24 21:31:19'),
(73, 'f0eba018-ae7a-4af0-a459-c5f5de2eea9e', 'Poliklinik', 'poliklinik', 'http://localhost:8000/poliklinik/poliklinik', 17, 1, '.', './pages/poliklinik/Poliklinik.vue', 'poliklinik', 1, 1, 0, '2021-10-24 23:28:18', '2021-10-24 23:28:18'),
(74, '43066d11-6a73-4187-af41-7e63c82f4e23', 'Ruangan', 'ruangan', 'http://localhost:8000/poliklinik/ruangan', 17, 1, '.', './pages/poliklinik/ruangan-vue', 'ruangan', 1, 1, 0, '2021-10-24 23:29:52', '2021-10-24 23:29:52'),
(75, 'ed766318-ea68-4681-95c8-c872377f6a2c', 'Kamar', 'kamar', 'http://localhost:8000/poliklinik/kamar', 17, 3, '.', './pages/poliklinik/Kamar.vue', 'kamar', 1, 1, 0, '2021-10-24 23:31:00', '2021-10-24 23:31:00'),
(76, '95b03b32-c70a-4806-af05-4d0e19b78f42', 'Ranjang', 'ranjang', 'http://localhost:8000/poliklinik/ranjang', 17, 4, '.', './pages/poliklinik/Ranjang.vue', 'ranjang', 1, 1, 0, '2021-10-24 23:32:05', '2021-10-24 23:32:05'),
(77, 'e93f55ea-1953-45d1-aa27-d00b49767de4', 'Apotek Pasien', 'apotek', 'http://localhost:8000/farmasi/apotek', 13, 1, '.', './pages/farmasi/Apotek.vue', 'apotek', 1, 1, 0, '2021-10-25 03:14:50', '2021-10-25 03:14:50'),
(78, 'd4411622-ea8b-4276-a5f1-ffbd26859397', 'Logistik', 'logistik', 'http://localhost:8000/farmasi/logistik', 13, 2, '.', './pages/farmasi/Logistik.vue', 'logistik', 1, 1, 0, '2021-10-25 03:16:41', '2021-10-25 03:16:41'),
(79, '998db854-214f-49a6-8de5-592ecefb6a44', 'Daftar Stock', 'stock', 'http://localhost:8000/farmasi/stock', 13, 3, '.', './pages/farmasi/Stock.vue', 'stock', 1, 1, 0, '2021-10-25 03:18:58', '2021-10-25 03:18:58'),
(80, 'cfc5c6c3-56a5-41c9-a769-cd76b663e298', 'Daftar Suplier', 'daftar-suplier', 'http://localhost:8000/farmasi/daftar-suplier', 13, 4, '.', './pages/farmasi/DaftarSuplier.vue', 'daftar-suplier', 1, 1, 0, '2021-10-25 03:20:11', '2021-10-25 03:20:11'),
(81, 'a2aabdc5-40e7-43d9-a471-fda7b43aa6c2', 'Daftar Penerimaan', 'daftar-penerimaan', 'http://localhost:8000/farmasi/daftar-penerimaan', 13, 5, '.', './pages/farmasi/DaftarPenerimaan.vue', 'daftar-penerimaan', 1, 1, 0, '2021-10-25 03:21:10', '2021-10-25 03:21:10'),
(83, '690fec3b-2b48-405c-9c23-29b8054fb8tg', 'rawat jalan detail', 'rawat-jalan-detail', 'kunjungan/rawat-jalan-detail', NULL, 1, NULL, './pages/kunjungan/RawatJalan/RawatJalanDetail.vue', 'rawat-jalan-detail', 1, 1, 0, NULL, NULL);

-- --------------------------------------------------------

--
-- Struktur dari tabel `m_nutritions`
--

CREATE TABLE `m_nutritions` (
  `id` bigint(20) UNSIGNED NOT NULL,
  `description` varchar(255) COLLATE utf8mb4_unicode_ci NOT NULL,
  `created_at` timestamp NULL DEFAULT NULL,
  `updated_at` timestamp NULL DEFAULT NULL
) ENGINE=InnoDB DEFAULT CHARSET=utf8mb4 COLLATE=utf8mb4_unicode_ci;

--
-- Dumping data untuk tabel `m_nutritions`
--

INSERT INTO `m_nutritions` (`id`, `description`, `created_at`, `updated_at`) VALUES
(1, 'Bubur Sumsum', '2021-11-08 03:02:32', '2021-11-08 03:02:32'),
(2, 'Bubur Ayam', '2021-11-08 03:03:13', '2021-11-08 03:03:13');

-- --------------------------------------------------------

--
-- Struktur dari tabel `m_operation_actions`
--

CREATE TABLE `m_operation_actions` (
  `id` bigint(20) UNSIGNED NOT NULL,
  `parent_id` bigint(20) UNSIGNED DEFAULT NULL,
  `description` varchar(255) COLLATE utf8mb4_unicode_ci NOT NULL,
  `type` varchar(255) COLLATE utf8mb4_unicode_ci NOT NULL,
  `created_at` timestamp NULL DEFAULT NULL,
  `updated_at` timestamp NULL DEFAULT NULL
) ENGINE=InnoDB DEFAULT CHARSET=utf8mb4 COLLATE=utf8mb4_unicode_ci;

-- --------------------------------------------------------

--
-- Struktur dari tabel `m_oxygens`
--

CREATE TABLE `m_oxygens` (
  `id` bigint(20) UNSIGNED NOT NULL,
  `description` varchar(255) COLLATE utf8mb4_unicode_ci NOT NULL,
  `created_at` timestamp NULL DEFAULT NULL,
  `updated_at` timestamp NULL DEFAULT NULL
) ENGINE=InnoDB DEFAULT CHARSET=utf8mb4 COLLATE=utf8mb4_unicode_ci;

--
-- Dumping data untuk tabel `m_oxygens`
--

INSERT INTO `m_oxygens` (`id`, `description`, `created_at`, `updated_at`) VALUES
(1, 'kk jjj', NULL, NULL),
(2, 'UU II', NULL, NULL);

-- --------------------------------------------------------

--
-- Struktur dari tabel `m_payment_methods`
--

CREATE TABLE `m_payment_methods` (
  `id` bigint(20) UNSIGNED NOT NULL,
  `description` varchar(255) COLLATE utf8mb4_unicode_ci NOT NULL,
  `created_at` timestamp NULL DEFAULT NULL,
  `updated_at` timestamp NULL DEFAULT NULL
) ENGINE=InnoDB DEFAULT CHARSET=utf8mb4 COLLATE=utf8mb4_unicode_ci;

--
-- Dumping data untuk tabel `m_payment_methods`
--

INSERT INTO `m_payment_methods` (`id`, `description`, `created_at`, `updated_at`) VALUES
(1, 'BPJS', NULL, NULL),
(2, 'Asuransi', NULL, NULL),
(3, 'Bayar Sendiri', NULL, NULL),
(4, 'sdfs', '2021-10-21 03:15:49', '2021-10-21 03:15:49');

-- --------------------------------------------------------

--
-- Struktur dari tabel `m_periods`
--

CREATE TABLE `m_periods` (
  `id` bigint(20) UNSIGNED NOT NULL,
  `description` varchar(255) COLLATE utf8mb4_unicode_ci NOT NULL,
  `created_at` timestamp NULL DEFAULT NULL,
  `updated_at` timestamp NULL DEFAULT NULL
) ENGINE=InnoDB DEFAULT CHARSET=utf8mb4 COLLATE=utf8mb4_unicode_ci;

--
-- Dumping data untuk tabel `m_periods`
--

INSERT INTO `m_periods` (`id`, `description`, `created_at`, `updated_at`) VALUES
(1, 'fff ggg ggg', NULL, NULL),
(2, 'ff hhh hh', NULL, NULL);

-- --------------------------------------------------------

--
-- Struktur dari tabel `m_policlinic_types`
--

CREATE TABLE `m_policlinic_types` (
  `id` bigint(20) UNSIGNED NOT NULL,
  `description` varchar(255) COLLATE utf8mb4_unicode_ci NOT NULL,
  `created_at` timestamp NULL DEFAULT NULL,
  `updated_at` timestamp NULL DEFAULT NULL
) ENGINE=InnoDB DEFAULT CHARSET=utf8mb4 COLLATE=utf8mb4_unicode_ci;

--
-- Dumping data untuk tabel `m_policlinic_types`
--

INSERT INTO `m_policlinic_types` (`id`, `description`, `created_at`, `updated_at`) VALUES
(1, 'poli gigi', NULL, NULL),
(2, 'poli umum', NULL, NULL),
(3, 'IGD 01', NULL, NULL);

-- --------------------------------------------------------

--
-- Struktur dari tabel `m_positions`
--

CREATE TABLE `m_positions` (
  `id` bigint(20) UNSIGNED NOT NULL,
  `description` varchar(255) COLLATE utf8mb4_unicode_ci NOT NULL,
  `created_at` timestamp NULL DEFAULT NULL,
  `updated_at` timestamp NULL DEFAULT NULL
) ENGINE=InnoDB DEFAULT CHARSET=utf8mb4 COLLATE=utf8mb4_unicode_ci;

--
-- Dumping data untuk tabel `m_positions`
--

INSERT INTO `m_positions` (`id`, `description`, `created_at`, `updated_at`) VALUES
(2, 'Dokter', '2021-10-24 21:22:29', '2021-10-24 21:22:29'),
(3, 'Perawat', '2021-10-24 21:22:51', '2021-10-24 21:22:51'),
(4, 'Apoteker', '2021-10-24 21:23:00', '2021-10-24 21:23:00');

-- --------------------------------------------------------

--
-- Struktur dari tabel `m_professions`
--

CREATE TABLE `m_professions` (
  `id` bigint(20) UNSIGNED NOT NULL,
  `description` varchar(255) COLLATE utf8mb4_unicode_ci NOT NULL,
  `created_at` timestamp NULL DEFAULT NULL,
  `updated_at` timestamp NULL DEFAULT NULL
) ENGINE=InnoDB DEFAULT CHARSET=utf8mb4 COLLATE=utf8mb4_unicode_ci;

--
-- Dumping data untuk tabel `m_professions`
--

INSERT INTO `m_professions` (`id`, `description`, `created_at`, `updated_at`) VALUES
(1, 'Petani', '2021-10-24 20:52:31', '2021-10-24 20:52:31'),
(2, 'PNS', '2021-10-24 20:52:43', '2021-10-24 20:52:43'),
(3, 'Wirausaha', '2021-10-24 20:53:00', '2021-10-24 20:53:00');

-- --------------------------------------------------------

--
-- Struktur dari tabel `m_reference_types`
--

CREATE TABLE `m_reference_types` (
  `id` bigint(20) UNSIGNED NOT NULL,
  `description` varchar(255) COLLATE utf8mb4_unicode_ci NOT NULL,
  `created_at` timestamp NULL DEFAULT NULL,
  `updated_at` timestamp NULL DEFAULT NULL
) ENGINE=InnoDB DEFAULT CHARSET=utf8mb4 COLLATE=utf8mb4_unicode_ci;

--
-- Dumping data untuk tabel `m_reference_types`
--

INSERT INTO `m_reference_types` (`id`, `description`, `created_at`, `updated_at`) VALUES
(1, 'Puskesmas', '2021-10-24 21:19:12', '2021-10-24 21:19:12'),
(2, 'Apotek', '2021-10-24 21:19:21', '2021-10-24 21:19:21');

-- --------------------------------------------------------

--
-- Struktur dari tabel `m_registration_patient_types`
--

CREATE TABLE `m_registration_patient_types` (
  `id` bigint(20) UNSIGNED NOT NULL,
  `description` varchar(255) COLLATE utf8mb4_unicode_ci NOT NULL,
  `category` tinyint(3) UNSIGNED NOT NULL,
  `created_at` timestamp NULL DEFAULT NULL,
  `updated_at` timestamp NULL DEFAULT NULL
) ENGINE=InnoDB DEFAULT CHARSET=utf8mb4 COLLATE=utf8mb4_unicode_ci;

--
-- Dumping data untuk tabel `m_registration_patient_types`
--

INSERT INTO `m_registration_patient_types` (`id`, `description`, `category`, `created_at`, `updated_at`) VALUES
(1, 'Pasien Baru', 1, NULL, NULL),
(2, 'Tanpa Rujukan', 2, NULL, NULL),
(3, 'BPJS', 3, NULL, NULL);

-- --------------------------------------------------------

--
-- Struktur dari tabel `m_roles`
--

CREATE TABLE `m_roles` (
  `id` bigint(20) UNSIGNED NOT NULL,
  `uuid` char(36) COLLATE utf8mb4_unicode_ci NOT NULL,
  `name` varchar(255) COLLATE utf8mb4_unicode_ci NOT NULL,
  `description` text COLLATE utf8mb4_unicode_ci DEFAULT NULL,
  `superuser` tinyint(4) NOT NULL DEFAULT 0,
  `created_at` timestamp NULL DEFAULT NULL,
  `updated_at` timestamp NULL DEFAULT NULL
) ENGINE=InnoDB DEFAULT CHARSET=utf8mb4 COLLATE=utf8mb4_unicode_ci;

--
-- Dumping data untuk tabel `m_roles`
--

INSERT INTO `m_roles` (`id`, `uuid`, `name`, `description`, `superuser`, `created_at`, `updated_at`) VALUES
(1, '70db6da9-4d47-4851-962a-0dc484b48e38', 'Super User', 'dapat mengakses semua module', 0, '2021-09-20 03:14:08', '2021-09-20 03:14:08'),
(2, '7726a376-ae5e-408d-9ca6-e0eedb815332', 'Dokter', 'hak akses untuk dokter', 0, '2021-09-20 19:50:37', '2021-09-20 19:50:37'),
(3, '8f4d0ca1-1b49-44dd-802e-e966135e3555', 'Suster', 'hak akses untuk suster', 0, '2021-09-20 19:51:00', '2021-09-20 19:51:00'),
(4, '1caaa8be-f8fe-4889-a0f2-48e8edce37b0', 'Admin', 'Hak akses untuk admin', 0, '2021-09-21 21:05:56', '2021-09-27 23:14:46');

-- --------------------------------------------------------

--
-- Struktur dari tabel `m_room_grades`
--

CREATE TABLE `m_room_grades` (
  `id` bigint(20) UNSIGNED NOT NULL,
  `description` varchar(255) COLLATE utf8mb4_unicode_ci NOT NULL,
  `created_at` timestamp NULL DEFAULT NULL,
  `updated_at` timestamp NULL DEFAULT NULL
) ENGINE=InnoDB DEFAULT CHARSET=utf8mb4 COLLATE=utf8mb4_unicode_ci;

--
-- Dumping data untuk tabel `m_room_grades`
--

INSERT INTO `m_room_grades` (`id`, `description`, `created_at`, `updated_at`) VALUES
(1, 'I', NULL, NULL),
(2, 'II', NULL, NULL),
(3, 'III', NULL, NULL),
(4, 'VIP', NULL, NULL),
(5, 'VVIP', NULL, NULL),
(6, 'PREMIUM', NULL, NULL);

-- --------------------------------------------------------

--
-- Struktur dari tabel `m_service_rates`
--

CREATE TABLE `m_service_rates` (
  `id` bigint(20) UNSIGNED NOT NULL,
  `service_uuid` varchar(255) COLLATE utf8mb4_unicode_ci NOT NULL,
  `service_type` varchar(255) COLLATE utf8mb4_unicode_ci NOT NULL,
  `tarifable_id` int(10) NOT NULL,
  `service_rate` text COLLATE utf8mb4_unicode_ci DEFAULT NULL,
  `created_at` timestamp NULL DEFAULT NULL,
  `updated_at` timestamp NULL DEFAULT NULL
) ENGINE=InnoDB DEFAULT CHARSET=utf8mb4 COLLATE=utf8mb4_unicode_ci;

--
-- Dumping data untuk tabel `m_service_rates`
--

INSERT INTO `m_service_rates` (`id`, `service_uuid`, `service_type`, `tarifable_id`, `service_rate`, `created_at`, `updated_at`) VALUES
(2, 'yuiy878', 'App\\Models\\ExaminationAction', 1, '{\"KELAS_I\":{\"SARANA\":\"0\",\"PELAYANAN\":\"25000\",\"BHP\":\"0\"},\"KELAS_II\":{\"SARANA\":\"0\",\"PELAYANAN\":\"25000\",\"BHP\":\"0\"},\"KELAS_III\":{\"SARANA\":\"0\",\"PELAYANAN\":\"25000\",\"BHP\":\"0\"},\"KELAS_KS\":{\"SARANA\":\"0\",\"PELAYANAN\":\"25000\",\"BHP\":\"0\"},\"KELAS_VIP\":{\"SARANA\":\"0\",\"PELAYANAN\":\"25000\",\"BHP\":\"0\"}}', NULL, NULL),
(3, '', 'App\\Models\\RegistrationPatientType', 0, '{\"TARIF_UMUM\":{\"SARANA\":\"25000\",\"PELAYANAN\":\"50000\",\"BHP\":\"0\"}}', NULL, NULL),
(4, '', 'App\\Models\\Incinerator', 1, '{\"KELAS_III\":{\"SARANA\":\"65000\",\"PELAYANAN\":\"25000\",\"BHP\":\"0\"}}', NULL, NULL),
(5, '', 'App\\Models\\PolyclinicRoom', 5, '{\"KELAS_I\":{\"SARANA\":\"0\",\"PELAYANAN\":\"25000\",\"BHP\":\"0\"},\"KELAS_II\":{\"SARANA\":\"0\",\"PELAYANAN\":\"25000\",\"BHP\":\"0\"},\"KELAS_III\":{\"SARANA\":\"0\",\"PELAYANAN\":\"25000\",\"BHP\":\"0\"},\"KELAS_KS\":{\"SARANA\":\"0\",\"PELAYANAN\":\"25000\",\"BHP\":\"0\"},\"KELAS_VIP\":{\"SARANA\":\"0\",\"PELAYANAN\":\"75000\",\"BHP\":\"0\"}}', NULL, NULL),
(6, '', 'App\\Models\\DaftarGizi', 2, '{\"KELAS_I\":{\"SARANA\":\"0\",\"PELAYANAN\":\"25000\",\"BHP\":\"0\"},\"KELAS_II\":{\"SARANA\":\"0\",\"PELAYANAN\":\"25000\",\"BHP\":\"0\"},\"KELAS_III\":{\"SARANA\":\"0\",\"PELAYANAN\":\"125000\",\"BHP\":\"0\"},\"KELAS_KS\":{\"SARANA\":\"0\",\"PELAYANAN\":\"25000\",\"BHP\":\"0\"},\"KELAS_VIP\":{\"SARANA\":\"0\",\"PELAYANAN\":\"25000\",\"BHP\":\"0\"}}', NULL, NULL),
(7, '', 'App\\Models\\MedicalActivity', 1, '{\"KELAS_I\":{\"SARANA\":\"0\",\"PELAYANAN\":\"35000\",\"BHP\":\"0\"},\"KELAS_II\":{\"SARANA\":\"0\",\"PELAYANAN\":\"25000\",\"BHP\":\"0\"},\"KELAS_III\":{\"SARANA\":\"72000\",\"PELAYANAN\":\"25000\",\"BHP\":\"0\"},\"KELAS_KS\":{\"SARANA\":\"0\",\"PELAYANAN\":\"25000\",\"BHP\":\"0\"},\"KELAS_VIP\":{\"SARANA\":\"0\",\"PELAYANAN\":\"25000\",\"BHP\":\"0\"}}', NULL, NULL),
(8, '', 'App\\Models\\GeneralExamination', 3, '{\"TARIF_UMUM\":{\"SARANA\":\"25000\",\"PELAYANAN\":\"50000\",\"BHP\":\"0\"}}', NULL, NULL),
(9, '', 'App\\Models\\Oxygen', 1, '{\"TARIF_UMUM\":{\"SARANA\":\"25000\",\"PELAYANAN\":\"50000\",\"BHP\":\"0\"}}', NULL, NULL),
(10, '', 'App\\Models\\VisitType', 2, '{\"KELAS_I\":{\"SARANA\":\"0\",\"PELAYANAN\":\"25000\",\"BHP\":\"0\"},\"KELAS_II\":{\"SARANA\":\"0\",\"PELAYANAN\":\"25000\",\"BHP\":\"0\"},\"KELAS_III\":{\"SARANA\":\"0\",\"PELAYANAN\":\"25000\",\"BHP\":\"0\"},\"KELAS_KS\":{\"SARANA\":\"0\",\"PELAYANAN\":\"25000\",\"BHP\":\"0\"},\"KELAS_VIP\":{\"SARANA\":\"0\",\"PELAYANAN\":\"75000\",\"BHP\":\"0\"}}', NULL, NULL),
(11, '', 'App\\Models\\SpecialTreatment', 1, '{\"TARIF_UMUM\":{\"SARANA\":\"25000\",\"PELAYANAN\":\"50000\",\"BHP\":\"0\"}}', NULL, NULL),
(12, '', 'App\\Models\\SpecialTreatment', 2, '{\"KELAS_I\":{\"SARANA\":\"0\",\"PELAYANAN\":\"25000\",\"BHP\":\"0\"},\"KELAS_II\":{\"SARANA\":\"0\",\"PELAYANAN\":\"25000\",\"BHP\":\"0\"},\"KELAS_III\":{\"SARANA\":\"0\",\"PELAYANAN\":\"125000\",\"BHP\":\"0\"},\"KELAS_KS\":{\"SARANA\":\"0\",\"PELAYANAN\":\"25000\",\"BHP\":\"0\"},\"KELAS_VIP\":{\"SARANA\":\"0\",\"PELAYANAN\":\"25000\",\"BHP\":\"0\"}}', NULL, NULL),
(13, '', 'App\\Models\\Oxygen', 1, '{\"KELAS_I\":{\"SARANA\":\"0\",\"PELAYANAN\":\"25000\",\"BHP\":\"0\"},\"KELAS_II\":{\"SARANA\":\"0\",\"PELAYANAN\":\"25000\",\"BHP\":\"0\"},\"KELAS_III\":{\"SARANA\":\"0\",\"PELAYANAN\":\"25000\",\"BHP\":\"0\"},\"KELAS_KS\":{\"SARANA\":\"0\",\"PELAYANAN\":\"25000\",\"BHP\":\"0\"},\"KELAS_VIP\":{\"SARANA\":\"0\",\"PELAYANAN\":\"25000\",\"BHP\":\"0\"}}', NULL, NULL),
(14, '', 'App\\Models\\Oxygen', 2, '{\"KELAS_I\":{\"SARANA\":\"0\",\"PELAYANAN\":\"25000\",\"BHP\":\"0\"},\"KELAS_II\":{\"SARANA\":\"0\",\"PELAYANAN\":\"25000\",\"BHP\":\"0\"},\"KELAS_III\":{\"SARANA\":\"0\",\"PELAYANAN\":\"25000\",\"BHP\":\"0\"},\"KELAS_KS\":{\"SARANA\":\"0\",\"PELAYANAN\":\"25000\",\"BHP\":\"0\"},\"KELAS_VIP\":{\"SARANA\":\"0\",\"PELAYANAN\":\"25000\",\"BHP\":\"0\"}}', NULL, NULL),
(15, '', 'App\\Models\\Incinerator', 1, '{\"KELAS_I\":{\"SARANA\":\"0\",\"PELAYANAN\":\"25000\",\"BHP\":\"0\"},\"KELAS_II\":{\"SARANA\":\"0\",\"PELAYANAN\":\"25000\",\"BHP\":\"0\"},\"KELAS_III\":{\"SARANA\":\"0\",\"PELAYANAN\":\"25000\",\"BHP\":\"0\"},\"KELAS_KS\":{\"SARANA\":\"0\",\"PELAYANAN\":\"25000\",\"BHP\":\"0\"},\"KELAS_VIP\":{\"SARANA\":\"0\",\"PELAYANAN\":\"25000\",\"BHP\":\"0\"}}', NULL, NULL),
(16, '', 'App\\Models\\Incinerator', 2, '{\"KELAS_I\":{\"SARANA\":\"0\",\"PELAYANAN\":\"25000\",\"BHP\":\"0\"},\"KELAS_II\":{\"SARANA\":\"0\",\"PELAYANAN\":\"25000\",\"BHP\":\"0\"},\"KELAS_III\":{\"SARANA\":\"0\",\"PELAYANAN\":\"25000\",\"BHP\":\"0\"},\"KELAS_KS\":{\"SARANA\":\"0\",\"PELAYANAN\":\"25000\",\"BHP\":\"0\"},\"KELAS_VIP\":{\"SARANA\":\"0\",\"PELAYANAN\":\"25000\",\"BHP\":\"0\"}}', NULL, NULL),
(17, '', 'App\\Models\\UTDRS', 1, '{\"KELAS_I\":{\"SARANA\":\"0\",\"PELAYANAN\":\"25000\",\"BHP\":\"0\"},\"KELAS_II\":{\"SARANA\":\"0\",\"PELAYANAN\":\"25000\",\"BHP\":\"0\"},\"KELAS_III\":{\"SARANA\":\"0\",\"PELAYANAN\":\"25000\",\"BHP\":\"0\"},\"KELAS_KS\":{\"SARANA\":\"0\",\"PELAYANAN\":\"25000\",\"BHP\":\"0\"},\"KELAS_VIP\":{\"SARANA\":\"0\",\"PELAYANAN\":\"75000\",\"BHP\":\"0\"}}', NULL, NULL),
(18, '', 'App\\Models\\PolyclinicRoom', 2, '{\"KELAS_I\":{\"SARANA\":\"0\",\"PELAYANAN\":\"25000\",\"BHP\":\"0\"},\"KELAS_II\":{\"SARANA\":\"0\",\"PELAYANAN\":\"25000\",\"BHP\":\"0\"},\"KELAS_III\":{\"SARANA\":\"0\",\"PELAYANAN\":\"25000\",\"BHP\":\"0\"},\"KELAS_KS\":{\"SARANA\":\"0\",\"PELAYANAN\":\"25000\",\"BHP\":\"0\"},\"KELAS_VIP\":{\"SARANA\":\"0\",\"PELAYANAN\":\"75000\",\"BHP\":\"0\"}}', NULL, NULL);

-- --------------------------------------------------------

--
-- Struktur dari tabel `m_special_treatments`
--

CREATE TABLE `m_special_treatments` (
  `id` bigint(20) UNSIGNED NOT NULL,
  `description` varchar(255) COLLATE utf8mb4_unicode_ci NOT NULL,
  `created_at` timestamp NULL DEFAULT NULL,
  `updated_at` timestamp NULL DEFAULT NULL
) ENGINE=InnoDB DEFAULT CHARSET=utf8mb4 COLLATE=utf8mb4_unicode_ci;

--
-- Dumping data untuk tabel `m_special_treatments`
--

INSERT INTO `m_special_treatments` (`id`, `description`, `created_at`, `updated_at`) VALUES
(1, 'ff gg hh', NULL, NULL),
(2, 'hh gg ff', NULL, NULL);

-- --------------------------------------------------------

--
-- Struktur dari tabel `m_tribes`
--

CREATE TABLE `m_tribes` (
  `id` bigint(20) UNSIGNED NOT NULL,
  `description` varchar(255) COLLATE utf8mb4_unicode_ci NOT NULL,
  `created_at` timestamp NULL DEFAULT NULL,
  `updated_at` timestamp NULL DEFAULT NULL
) ENGINE=InnoDB DEFAULT CHARSET=utf8mb4 COLLATE=utf8mb4_unicode_ci;

--
-- Dumping data untuk tabel `m_tribes`
--

INSERT INTO `m_tribes` (`id`, `description`, `created_at`, `updated_at`) VALUES
(1, 'sunda', '2021-10-24 20:50:56', '2021-10-24 20:50:56'),
(2, 'jawa', '2021-10-24 20:51:03', '2021-10-24 20:51:03'),
(3, 'dayak', '2021-10-24 20:51:13', '2021-10-24 20:51:13');

-- --------------------------------------------------------

--
-- Struktur dari tabel `m_units`
--

CREATE TABLE `m_units` (
  `id` bigint(20) UNSIGNED NOT NULL,
  `description` varchar(255) COLLATE utf8mb4_unicode_ci NOT NULL,
  `created_at` timestamp NULL DEFAULT NULL,
  `updated_at` timestamp NULL DEFAULT NULL
) ENGINE=InnoDB DEFAULT CHARSET=utf8mb4 COLLATE=utf8mb4_unicode_ci;

--
-- Dumping data untuk tabel `m_units`
--

INSERT INTO `m_units` (`id`, `description`, `created_at`, `updated_at`) VALUES
(1, 'Gigi dan mulut', NULL, NULL),
(2, 'kulit dan kelamin', NULL, NULL);

-- --------------------------------------------------------

--
-- Struktur dari tabel `m_utdrs`
--

CREATE TABLE `m_utdrs` (
  `id` bigint(20) UNSIGNED NOT NULL,
  `description` varchar(255) COLLATE utf8mb4_unicode_ci NOT NULL,
  `created_at` timestamp NULL DEFAULT NULL,
  `updated_at` timestamp NULL DEFAULT NULL
) ENGINE=InnoDB DEFAULT CHARSET=utf8mb4 COLLATE=utf8mb4_unicode_ci;

--
-- Dumping data untuk tabel `m_utdrs`
--

INSERT INTO `m_utdrs` (`id`, `description`, `created_at`, `updated_at`) VALUES
(1, 'Utdrs', NULL, NULL),
(2, 'JJ ', NULL, NULL);

-- --------------------------------------------------------

--
-- Struktur dari tabel `m_visit_types`
--

CREATE TABLE `m_visit_types` (
  `id` bigint(20) UNSIGNED NOT NULL,
  `description` varchar(255) COLLATE utf8mb4_unicode_ci NOT NULL,
  `created_at` timestamp NULL DEFAULT NULL,
  `updated_at` timestamp NULL DEFAULT NULL
) ENGINE=InnoDB DEFAULT CHARSET=utf8mb4 COLLATE=utf8mb4_unicode_ci;

--
-- Dumping data untuk tabel `m_visit_types`
--

INSERT INTO `m_visit_types` (`id`, `description`, `created_at`, `updated_at`) VALUES
(1, 'fff jjj kkk', NULL, NULL),
(2, 'Kunjungan', NULL, NULL);

-- --------------------------------------------------------

--
-- Struktur dari tabel `nutrition_services`
--

CREATE TABLE `nutrition_services` (
  `id` bigint(20) UNSIGNED NOT NULL,
  `service_uuid` char(36) COLLATE utf8mb4_unicode_ci NOT NULL,
  `treatment_id` bigint(20) UNSIGNED NOT NULL,
  `treatment_type` varchar(255) COLLATE utf8mb4_unicode_ci NOT NULL,
  `nutrition_id` bigint(20) UNSIGNED NOT NULL,
  `treatment_time` datetime NOT NULL,
  `amount` int(11) NOT NULL,
  `officer_id` bigint(20) UNSIGNED NOT NULL,
  `created_at` timestamp NULL DEFAULT NULL,
  `updated_at` timestamp NULL DEFAULT NULL
) ENGINE=InnoDB DEFAULT CHARSET=utf8mb4 COLLATE=utf8mb4_unicode_ci;

-- --------------------------------------------------------

--
-- Struktur dari tabel `out_patients`
--

CREATE TABLE `out_patients` (
  `id` bigint(20) UNSIGNED NOT NULL,
  `entry_time` datetime NOT NULL,
  `exit_time` datetime DEFAULT NULL,
  `final_condition` bigint(20) UNSIGNED DEFAULT NULL,
  `medical_activity_id` bigint(20) UNSIGNED NOT NULL,
  `polyclinic_id` bigint(20) UNSIGNED NOT NULL,
  `visit_id` int(16) NOT NULL,
  `created_at` timestamp NULL DEFAULT NULL,
  `updated_at` timestamp NULL DEFAULT NULL
) ENGINE=InnoDB DEFAULT CHARSET=utf8mb4 COLLATE=utf8mb4_unicode_ci;

--
-- Dumping data untuk tabel `out_patients`
--

INSERT INTO `out_patients` (`id`, `entry_time`, `exit_time`, `final_condition`, `medical_activity_id`, `polyclinic_id`, `visit_id`, `created_at`, `updated_at`) VALUES
(1, '2021-11-02 00:00:00', NULL, NULL, 1, 1, 1, '2021-11-01 21:04:24', '2021-11-01 21:04:24'),
(2, '2021-11-18 10:15:46', '2021-11-18 10:15:46', 12, 2, 3, 2, NULL, NULL);

-- --------------------------------------------------------

--
-- Struktur dari tabel `oxygen_services`
--

CREATE TABLE `oxygen_services` (
  `id` bigint(20) UNSIGNED NOT NULL,
  `service_uuid` char(36) COLLATE utf8mb4_unicode_ci NOT NULL,
  `treatment_id` bigint(20) UNSIGNED NOT NULL,
  `treatment_type` varchar(255) COLLATE utf8mb4_unicode_ci NOT NULL,
  `oxygen_id` bigint(20) UNSIGNED NOT NULL,
  `treatment_time` datetime NOT NULL,
  `amount` int(11) NOT NULL,
  `officer_id` bigint(20) UNSIGNED NOT NULL,
  `created_at` timestamp NULL DEFAULT NULL,
  `updated_at` timestamp NULL DEFAULT NULL
) ENGINE=InnoDB DEFAULT CHARSET=utf8mb4 COLLATE=utf8mb4_unicode_ci;

-- --------------------------------------------------------

--
-- Struktur dari tabel `password_resets`
--

CREATE TABLE `password_resets` (
  `email` varchar(255) COLLATE utf8mb4_unicode_ci NOT NULL,
  `token` varchar(255) COLLATE utf8mb4_unicode_ci NOT NULL,
  `created_at` timestamp NULL DEFAULT NULL
) ENGINE=InnoDB DEFAULT CHARSET=utf8mb4 COLLATE=utf8mb4_unicode_ci;

-- --------------------------------------------------------

--
-- Struktur dari tabel `patients`
--

CREATE TABLE `patients` (
  `id` bigint(20) UNSIGNED NOT NULL,
  `medical_record_number` varchar(255) COLLATE utf8mb4_unicode_ci DEFAULT NULL,
  `registration_date` datetime DEFAULT NULL,
  `identity_number_id` bigint(20) UNSIGNED DEFAULT NULL,
  `identity_number` varchar(255) COLLATE utf8mb4_unicode_ci DEFAULT NULL,
  `name` varchar(255) COLLATE utf8mb4_unicode_ci DEFAULT NULL,
  `birth_place` varchar(255) COLLATE utf8mb4_unicode_ci DEFAULT NULL,
  `birth_date` date DEFAULT NULL,
  `gender` char(1) COLLATE utf8mb4_unicode_ci DEFAULT NULL,
  `blood_group` varchar(255) COLLATE utf8mb4_unicode_ci DEFAULT NULL,
  `address` varchar(255) COLLATE utf8mb4_unicode_ci DEFAULT NULL,
  `province_id` bigint(20) UNSIGNED DEFAULT NULL,
  `regency_id` bigint(20) UNSIGNED DEFAULT NULL,
  `district_id` bigint(20) UNSIGNED DEFAULT NULL,
  `village_id` bigint(20) UNSIGNED DEFAULT NULL,
  `phone_number` varchar(255) COLLATE utf8mb4_unicode_ci DEFAULT NULL,
  `father_name` varchar(255) COLLATE utf8mb4_unicode_ci DEFAULT NULL,
  `mother_name` varchar(255) COLLATE utf8mb4_unicode_ci DEFAULT NULL,
  `merriage_status` varchar(255) COLLATE utf8mb4_unicode_ci DEFAULT NULL,
  `partner_name` varchar(255) COLLATE utf8mb4_unicode_ci DEFAULT NULL,
  `family_address` varchar(255) COLLATE utf8mb4_unicode_ci DEFAULT NULL,
  `family_phone_number` varchar(255) COLLATE utf8mb4_unicode_ci DEFAULT NULL,
  `agama_id` bigint(20) UNSIGNED DEFAULT NULL,
  `tribe_id` bigint(20) UNSIGNED DEFAULT NULL,
  `education_id` bigint(20) UNSIGNED DEFAULT NULL,
  `proffesion_id` bigint(20) UNSIGNED DEFAULT NULL,
  `created_at` timestamp NULL DEFAULT NULL,
  `updated_at` timestamp NULL DEFAULT NULL
) ENGINE=InnoDB DEFAULT CHARSET=utf8mb4 COLLATE=utf8mb4_unicode_ci;

--
-- Dumping data untuk tabel `patients`
--

INSERT INTO `patients` (`id`, `medical_record_number`, `registration_date`, `identity_number_id`, `identity_number`, `name`, `birth_place`, `birth_date`, `gender`, `blood_group`, `address`, `province_id`, `regency_id`, `district_id`, `village_id`, `phone_number`, `father_name`, `mother_name`, `merriage_status`, `partner_name`, `family_address`, `family_phone_number`, `agama_id`, `tribe_id`, `education_id`, `proffesion_id`, `created_at`, `updated_at`) VALUES
(1, NULL, NULL, 2, '908098', 'maman', 'bandung', '2021-10-13', 'L', 'A', 'jl surajati', 1, NULL, NULL, NULL, '0880888', 'momon', 'mimin', 'Belum Menikah', '.', 'jl sukamaju', '09890809', 1, 2, 1, 1, '2021-10-24 21:18:21', '2021-10-24 21:18:21'),
(2, NULL, NULL, 2, '0888', 'ii', 'naga buah', '2005-02-01', 'L', 'A', 'jl buah nangka', 1, NULL, NULL, NULL, '0899', 'aa', 'ee', 'Menikah', NULL, 'jl buah nangka', '098789', 1, 1, 2, 2, '2021-11-17 21:31:12', '2021-11-17 21:31:12'),
(3, NULL, NULL, 3, '8909808', 'kk', 'madura', '2005-02-08', 'L', 'A', 'jl suramadu', 1, NULL, NULL, NULL, '0889797', 'keke', 'kiki', 'Menikah', NULL, 'jl suramadu', '08976', 1, 1, 2, 2, '2021-11-17 21:33:59', '2021-11-17 21:33:59'),
(4, NULL, NULL, 2, '08800', 'ilyas', 'majalengka', '2021-11-16', 'L', 'A', 'jl buah batu', 1, NULL, NULL, NULL, '08998999876', 'mamun', 'mumun', 'Menikah', '.', 'jl buah batu', '08989', 1, 1, 2, 3, '2021-11-22 02:09:50', '2021-11-22 02:09:50');

-- --------------------------------------------------------

--
-- Struktur dari tabel `personal_access_tokens`
--

CREATE TABLE `personal_access_tokens` (
  `id` bigint(20) UNSIGNED NOT NULL,
  `tokenable_type` varchar(255) COLLATE utf8mb4_unicode_ci NOT NULL,
  `tokenable_id` bigint(20) UNSIGNED NOT NULL,
  `name` varchar(255) COLLATE utf8mb4_unicode_ci NOT NULL,
  `token` varchar(64) COLLATE utf8mb4_unicode_ci NOT NULL,
  `abilities` text COLLATE utf8mb4_unicode_ci DEFAULT NULL,
  `last_used_at` timestamp NULL DEFAULT NULL,
  `created_at` timestamp NULL DEFAULT NULL,
  `updated_at` timestamp NULL DEFAULT NULL
) ENGINE=InnoDB DEFAULT CHARSET=utf8mb4 COLLATE=utf8mb4_unicode_ci;

--
-- Dumping data untuk tabel `personal_access_tokens`
--

INSERT INTO `personal_access_tokens` (`id`, `tokenable_type`, `tokenable_id`, `name`, `token`, `abilities`, `last_used_at`, `created_at`, `updated_at`) VALUES
(1, 'App\\Models\\User', 3, 'encep@gmail.com', '13f755c90e24313b679637f5c171a6822f671648ae9f8a296b938a98f57ae2fd', '[\"*\"]', '2021-10-21 00:16:40', '2021-10-21 00:16:37', '2021-10-21 00:16:40'),
(2, 'App\\Models\\User', 3, 'encep@gmail.com', '026373df5180713ad6b0d72770ad49da749e163b342ba6263c796cf76dcc38e2', '[\"*\"]', '2021-10-21 00:16:44', '2021-10-21 00:16:42', '2021-10-21 00:16:44'),
(3, 'App\\Models\\User', 3, 'encep@gmail.com', '9055a0e493be10f736bad43018844db2fa150aa67d2bd091a7547bc3fc1ffd72', '[\"*\"]', '2021-10-21 00:48:39', '2021-10-21 00:16:44', '2021-10-21 00:48:39'),
(5, 'App\\Models\\User', 3, 'encep@gmail.com', '0512b9c187f9f05562a197473f6259ae776dd55721b7193c9901e36e23639c71', '[\"*\"]', '2021-10-21 03:07:31', '2021-10-21 02:09:06', '2021-10-21 03:07:31'),
(6, 'App\\Models\\User', 3, 'encep@gmail.com', 'e13b6cc7e2d6efc2603fb734045d8faf3e6a40622bc91b768c2008a7316ed253', '[\"*\"]', '2021-10-21 03:16:52', '2021-10-21 03:09:26', '2021-10-21 03:16:52'),
(7, 'App\\Models\\User', 3, 'encep@gmail.com', 'fe6d360d5483252f5947c10ead9d5e34be9278a08ad17cfa7c3f7140be9d6f2c', '[\"*\"]', '2021-10-21 04:50:38', '2021-10-21 04:50:34', '2021-10-21 04:50:38'),
(8, 'App\\Models\\User', 3, 'encep@gmail.com', '29e50b6ca1c81c43c0c27936ad62300284f606c37e800b215dcefd9bf1ba22dc', '[\"*\"]', '2021-10-21 05:38:35', '2021-10-21 04:50:37', '2021-10-21 05:38:35'),
(9, 'App\\Models\\User', 3, 'encep@gmail.com', '8fff88a7a0319682f71bb3ff909147b55506f510166736d56904007411658190', '[\"*\"]', '2021-10-24 20:46:02', '2021-10-24 19:47:21', '2021-10-24 20:46:02'),
(10, 'App\\Models\\User', 3, 'encep@gmail.com', 'b1ab1ee5b89f7e0ef9c57f5591399dd5e291253ddce5d13a430bf7fd3429f4e4', '[\"*\"]', '2021-10-24 21:48:01', '2021-10-24 20:48:02', '2021-10-24 21:48:01'),
(11, 'App\\Models\\User', 3, 'encep@gmail.com', '02adc63f55010fdeaeb6863cda5c4bb360a883b9da278328549999b112d11c24', '[\"*\"]', '2021-10-24 23:35:31', '2021-10-24 22:40:42', '2021-10-24 23:35:31'),
(12, 'App\\Models\\User', 3, 'encep@gmail.com', '5bb761993206b43e389933c9219fd1bea56533c1d1f70c786b5b61643e469437', '[\"*\"]', '2021-10-25 01:23:44', '2021-10-25 00:23:59', '2021-10-25 01:23:44'),
(13, 'App\\Models\\User', 3, 'encep@gmail.com', 'e40cd7cde854b8285af384b21145c3a6c9749ab5b1f022a824b37d16350dd62c', '[\"*\"]', '2021-10-25 02:10:17', '2021-10-25 01:24:49', '2021-10-25 02:10:17'),
(14, 'App\\Models\\User', 3, 'encep@gmail.com', '1c7828b01e6d823a60937d98267a2f2bb158554a0cc51c96dd97347c0111d46c', '[\"*\"]', '2021-10-25 03:21:38', '2021-10-25 02:25:18', '2021-10-25 03:21:38'),
(15, 'App\\Models\\User', 3, 'encep@gmail.com', '138603874b17065c0cd5bd7dab30dc2776f7128f0ca4707c596f71f99220d12f', '[\"*\"]', '2021-10-25 20:31:06', '2021-10-25 19:34:16', '2021-10-25 20:31:06'),
(16, 'App\\Models\\User', 3, 'encep@gmail.com', 'bbeb2796c7bdc579491d04c3a9c204d0516e9e0c169f6593c68c8b60f224848d', '[\"*\"]', '2021-10-25 21:34:12', '2021-10-25 20:40:14', '2021-10-25 21:34:12'),
(17, 'App\\Models\\User', 3, 'encep@gmail.com', 'd6c4e756759c97b43cf4977a208f9b5b661f119917be378642eb7de37dcc3232', '[\"*\"]', '2021-10-26 00:16:23', '2021-10-25 23:39:05', '2021-10-26 00:16:23'),
(18, 'App\\Models\\User', 3, 'encep@gmail.com', '0327ca8639a53685eea491aa06cefbdb6f29898c85779f54fcf099d0dc549c1e', '[\"*\"]', '2021-10-26 02:28:27', '2021-10-26 01:39:48', '2021-10-26 02:28:27'),
(19, 'App\\Models\\User', 3, 'encep@gmail.com', '9925c74fd96f10fc49e715725a0ea7bac40c3af07691dd075fd942f456a2aae1', '[\"*\"]', '2021-10-26 03:07:04', '2021-10-26 03:06:37', '2021-10-26 03:07:04'),
(20, 'App\\Models\\User', 3, 'encep@gmail.com', 'ccb93188cd9bb7a892665d40968b1642fcd3c2318388c06f5ebe60cb3e349e0d', '[\"*\"]', '2021-10-26 20:37:11', '2021-10-26 19:41:25', '2021-10-26 20:37:11'),
(22, 'App\\Models\\User', 3, 'encep@gmail.com', '6c3b4b8575a86eae4d313c0b8347f624f4082855e0294d5a2cfadd35d693c84c', '[\"*\"]', '2021-10-26 21:37:59', '2021-10-26 20:51:57', '2021-10-26 21:37:59'),
(23, 'App\\Models\\User', 3, 'encep@gmail.com', '991e3e0a6d532498a2f650e5040c7e3150c932e34d2077afbe119533e374f3ac', '[\"*\"]', '2021-10-26 23:51:10', '2021-10-26 23:00:19', '2021-10-26 23:51:10'),
(24, 'App\\Models\\User', 3, 'encep@gmail.com', '9301de150d61bac5c53e0cf24c16e0d6d627e8c7be30119198fe98d1c082a691', '[\"*\"]', '2021-10-27 01:16:09', '2021-10-27 00:18:50', '2021-10-27 01:16:09'),
(25, 'App\\Models\\User', 3, 'encep@gmail.com', '1f5d3254a653529337ffb42eda7757d3439b1e19f13e77d52e57063d7feef272', '[\"*\"]', '2021-10-27 02:16:29', '2021-10-27 01:23:24', '2021-10-27 02:16:29'),
(26, 'App\\Models\\User', 3, 'encep@gmail.com', 'afa6bc30a7bde594cf856b6c2218c4fb72121bd2c2fa5e03b48867e550d860bd', '[\"*\"]', '2021-10-27 03:14:22', '2021-10-27 02:35:37', '2021-10-27 03:14:22'),
(27, 'App\\Models\\User', 3, 'encep@gmail.com', '776200b30ab065682958e82e62f7e6874efa3dd6b436e2ee21b5677468673225', '[\"*\"]', '2021-10-27 03:46:50', '2021-10-27 03:36:02', '2021-10-27 03:46:50'),
(28, 'App\\Models\\User', 3, 'encep@gmail.com', 'f36cf62f9830e4773312694288a7e68570f9945e94e4bbce42defcabe5265f80', '[\"*\"]', '2021-10-27 21:21:55', '2021-10-27 20:23:43', '2021-10-27 21:21:55'),
(29, 'App\\Models\\User', 3, 'encep@gmail.com', '54df1a4d0257c196bbf71e835d5a7dada43b045df1e5584ed1e95a1d5cd4a7d6', '[\"*\"]', '2021-10-27 21:36:47', '2021-10-27 21:35:36', '2021-10-27 21:36:47'),
(30, 'App\\Models\\User', 3, 'encep@gmail.com', '475f9593cc1bb0460088cfb97477acf65dc319fc7e6c732689db39bb338c4f59', '[\"*\"]', '2021-10-28 00:13:04', '2021-10-28 00:01:08', '2021-10-28 00:13:04'),
(31, 'App\\Models\\User', 3, 'encep@gmail.com', 'd248a40043273c338fceec6302871dce1821fec3ac4efc05440eb493e3609373', '[\"*\"]', '2021-10-28 02:53:01', '2021-10-28 01:59:56', '2021-10-28 02:53:01'),
(32, 'App\\Models\\User', 3, 'encep@gmail.com', 'd60428bb356e65bdecebbaf144424c8686a5b159086d812c7f062ad35ef855c7', '[\"*\"]', '2021-10-28 03:53:23', '2021-10-28 03:10:54', '2021-10-28 03:53:23'),
(33, 'App\\Models\\User', 3, 'encep@gmail.com', '981038caa8837ca483f16de3d769134244ab631423290b0c4b9c1cac9db8c444', '[\"*\"]', '2021-10-31 20:48:16', '2021-10-31 19:48:19', '2021-10-31 20:48:16'),
(34, 'App\\Models\\User', 3, 'encep@gmail.com', 'd378b1dcec8e76c4ce3cb0de1afe8b4936f555f0da6bf32358a675475632bab5', '[\"*\"]', '2021-10-31 21:38:14', '2021-10-31 20:51:23', '2021-10-31 21:38:14'),
(35, 'App\\Models\\User', 3, 'encep@gmail.com', '2097e0c1d14e759e28eeef56ef3fc78522a0f0c44fe4ceffe5236085edc82d18', '[\"*\"]', '2021-10-31 22:54:39', '2021-10-31 22:43:07', '2021-10-31 22:54:39'),
(36, 'App\\Models\\User', 3, 'encep@gmail.com', '082cefe4437373e23570ef4b853841e3153f784192eb45aa7013e9a315de0816', '[\"*\"]', '2021-10-31 23:30:58', '2021-10-31 23:30:46', '2021-10-31 23:30:58'),
(37, 'App\\Models\\User', 3, 'encep@gmail.com', '693948a92301784603e61edfa82d1eb96526ba73e66907d02af869244c4f87d0', '[\"*\"]', '2021-10-31 23:31:03', '2021-10-31 23:30:48', '2021-10-31 23:31:03'),
(38, 'App\\Models\\User', 3, 'encep@gmail.com', 'a76f1f2305b8a4deb1f3f83b406c91527e0d061953b836d7710b68c18b3d9657', '[\"*\"]', '2021-10-31 23:31:04', '2021-10-31 23:30:50', '2021-10-31 23:31:04'),
(39, 'App\\Models\\User', 3, 'encep@gmail.com', '794dd3ce99882d049960a1035bcd9dfd7c8332ec3a1470c2ba45952918b012b5', '[\"*\"]', '2021-10-31 23:31:17', '2021-10-31 23:31:08', '2021-10-31 23:31:17'),
(40, 'App\\Models\\User', 3, 'encep@gmail.com', 'f23ca508d2e44d2002379c0869e7b05182774aff48139368b230d2ec5a159861', '[\"*\"]', '2021-10-31 23:31:26', '2021-10-31 23:31:15', '2021-10-31 23:31:26'),
(41, 'App\\Models\\User', 3, 'encep@gmail.com', 'd96679cfd6fcc195dfe92f2425435fbe8956c209208691f968c05b326f0220de', '[\"*\"]', '2021-10-31 23:31:28', '2021-10-31 23:31:16', '2021-10-31 23:31:28'),
(42, 'App\\Models\\User', 3, 'encep@gmail.com', '012aa13b93e3f77350dea914dab68de1622401a5d3c16a82ea0d0d6fcfaa5679', '[\"*\"]', '2021-10-31 23:31:29', '2021-10-31 23:31:19', '2021-10-31 23:31:29'),
(43, 'App\\Models\\User', 3, 'encep@gmail.com', 'c549bfa7b14d4e89aaef9e256a381ee5648c39e5168a4f38d9aad6195a9e827f', '[\"*\"]', '2021-10-31 23:31:31', '2021-10-31 23:31:20', '2021-10-31 23:31:31'),
(44, 'App\\Models\\User', 3, 'encep@gmail.com', 'ded31317dfd56abb2e99f75abfecbce9a2f03d6b466800aa05391edb20a3001d', '[\"*\"]', '2021-10-31 23:31:33', '2021-10-31 23:31:21', '2021-10-31 23:31:33'),
(45, 'App\\Models\\User', 3, 'encep@gmail.com', 'e0e76cfd5c3912479656a2755a5a3d454572c5873a149613d0bc7a5e526b9174', '[\"*\"]', '2021-10-31 23:31:35', '2021-10-31 23:31:22', '2021-10-31 23:31:35'),
(46, 'App\\Models\\User', 3, 'encep@gmail.com', 'ef8e1888d3f3b4ea86cac36d6a1e57f52e803a8fbf6a00e7bc0e0edee9969c25', '[\"*\"]', '2021-10-31 23:31:36', '2021-10-31 23:31:23', '2021-10-31 23:31:36'),
(47, 'App\\Models\\User', 3, 'encep@gmail.com', '48c852206db0af41644993da118777a4c7218fa55a92bb65e3dcf0c8086d4ace', '[\"*\"]', '2021-11-01 00:28:55', '2021-10-31 23:31:25', '2021-11-01 00:28:55'),
(48, 'App\\Models\\User', 3, 'encep@gmail.com', '0f0930af5deffcba0decb71fdf7ed1de7a548bbb3714ee468127c952140468e8', '[\"*\"]', '2021-11-01 00:34:16', '2021-11-01 00:31:58', '2021-11-01 00:34:16'),
(49, 'App\\Models\\User', 3, 'encep@gmail.com', '896444e12718e968e58d6db86545077e209d6baec97931b061b9f6e4fa6b4217', '[\"*\"]', '2021-11-01 03:08:41', '2021-11-01 02:08:43', '2021-11-01 03:08:41'),
(50, 'App\\Models\\User', 3, 'encep@gmail.com', '9303d35a27a3116fb806450c9aef533ca78b2f8ab48e39eb6a88811de511f78c', '[\"*\"]', '2021-11-01 03:13:50', '2021-11-01 03:11:36', '2021-11-01 03:13:50'),
(51, 'App\\Models\\User', 3, 'encep@gmail.com', '469db610a76adbd3d8d680e4defe6efc3b64b2aec4e23a1b3406d86575854947', '[\"*\"]', '2021-11-01 20:06:05', '2021-11-01 20:05:17', '2021-11-01 20:06:05'),
(52, 'App\\Models\\User', 3, 'encep@gmail.com', '11a2bb530b85c009a24ac9c4df5455fc36c2f4bcdea7b1bfdce4857b9c44ae29', '[\"*\"]', '2021-11-01 20:06:09', '2021-11-01 20:05:40', '2021-11-01 20:06:09'),
(53, 'App\\Models\\User', 3, 'encep@gmail.com', 'a5e422085a2e50720565c5ee8aa1021ea064adf494bc713a8750e533ba1f30a1', '[\"*\"]', '2021-11-01 20:06:15', '2021-11-01 20:06:12', '2021-11-01 20:06:15'),
(54, 'App\\Models\\User', 3, 'encep@gmail.com', '5bc61ce15a604639eb0e794c77cbb13525566255b332cbc4a725b2be28e4ce5f', '[\"*\"]', '2021-11-01 21:05:34', '2021-11-01 20:06:14', '2021-11-01 21:05:34'),
(55, 'App\\Models\\User', 3, 'encep@gmail.com', 'ea406ceb07b6865397cb8d0460224ff4df68b9871f6527d07ec1fa7f6d74ed06', '[\"*\"]', '2021-11-01 21:41:03', '2021-11-01 21:08:19', '2021-11-01 21:41:03'),
(56, 'App\\Models\\User', 3, 'encep@gmail.com', '4450c8ba46de8f64632c04815a25dae30092db67921452a8f75730cc8ade87fb', '[\"*\"]', '2021-11-01 22:30:01', '2021-11-01 22:29:59', '2021-11-01 22:30:01'),
(57, 'App\\Models\\User', 3, 'encep@gmail.com', 'dac259d22d46adfefa6b1c795445234798b4a9b1152ee96bdfd3f97eac85650e', '[\"*\"]', '2021-11-02 02:48:18', '2021-11-02 01:48:19', '2021-11-02 02:48:18'),
(58, 'App\\Models\\User', 3, 'encep@gmail.com', 'a3e2cb0e723b62691079de06193756616ac6daba798396575fe044a3492333d8', '[\"*\"]', '2021-11-02 03:51:39', '2021-11-02 02:53:08', '2021-11-02 03:51:39'),
(59, 'App\\Models\\User', 3, 'encep@gmail.com', '7d9a5cc2f33e52f56bf1922c5832b910af19ad2d0ff95d92c20dc1832e2e6665', '[\"*\"]', '2021-11-02 05:40:49', '2021-11-02 05:40:47', '2021-11-02 05:40:49'),
(60, 'App\\Models\\User', 3, 'encep@gmail.com', '512fa0fd9e6ab1b98293af15e277a0e99e56dc86888bc1c2ff19b83d94eeb21a', '[\"*\"]', '2021-11-02 20:04:43', '2021-11-02 20:00:30', '2021-11-02 20:04:43'),
(61, 'App\\Models\\User', 3, 'encep@gmail.com', '33c775811df3c47aa32a2d5df0e3d2b85f1aae091d32ebf85801fa70e598364c', '[\"*\"]', '2021-11-02 23:15:41', '2021-11-02 23:07:32', '2021-11-02 23:15:41'),
(62, 'App\\Models\\User', 3, 'encep@gmail.com', 'f6fd03685cd194d1dfe593da0f9aaa03cc740e6b89cc33f0b2d52b39972ffbae', '[\"*\"]', '2021-11-03 00:56:06', '2021-11-03 00:28:23', '2021-11-03 00:56:06'),
(63, 'App\\Models\\User', 3, 'encep@gmail.com', 'b11d4fa019a85809fff1c3c2c1fd0500587a66cb89b86b9530cbfb75d2a6fc2b', '[\"*\"]', '2021-11-03 02:12:49', '2021-11-03 02:05:03', '2021-11-03 02:12:49'),
(64, 'App\\Models\\User', 3, 'encep@gmail.com', '5d2d404afecb0aa07d2366473da5e3f05364308fa04ac663ffd555fcd4e239c2', '[\"*\"]', '2021-11-03 03:43:02', '2021-11-03 03:43:01', '2021-11-03 03:43:02'),
(65, 'App\\Models\\User', 3, 'encep@gmail.com', '9cef2d3e92aa17f7f76ded34b11ea8b0ebc3e61dff0285bb44b90896881bad9a', '[\"*\"]', '2021-11-03 20:59:09', '2021-11-03 20:12:24', '2021-11-03 20:59:09'),
(66, 'App\\Models\\User', 3, 'encep@gmail.com', '083c03e05e208cabaebb08fac8c9d2505d20a57d9a6693f79b94933016596776', '[\"*\"]', '2021-11-03 21:37:13', '2021-11-03 21:35:46', '2021-11-03 21:37:13'),
(67, 'App\\Models\\User', 3, 'encep@gmail.com', 'b442f567af07919cec1dfae62afc105e4388872f83de296896f0ec3c499beeef', '[\"*\"]', '2021-11-03 23:58:35', '2021-11-03 23:35:24', '2021-11-03 23:58:35'),
(68, 'App\\Models\\User', 3, 'encep@gmail.com', 'ef190e9d5fd4aaf8c4fe585228f5f24081cb7c046cd0b2aa4ae7c64e358446b1', '[\"*\"]', '2021-11-04 03:10:29', '2021-11-04 02:19:31', '2021-11-04 03:10:29'),
(69, 'App\\Models\\User', 3, 'encep@gmail.com', '27a81a12e8fb18c740600c68de382ae7843bc4a8e93b6f3b4673700527c55f4b', '[\"*\"]', '2021-11-05 22:52:53', '2021-11-05 22:52:50', '2021-11-05 22:52:53'),
(70, 'App\\Models\\User', 3, 'encep@gmail.com', '7c935476241760dda2310beb5189dbd8b814d0953e814354e3d4374e67e2bd0a', '[\"*\"]', '2021-11-05 22:52:54', '2021-11-05 22:52:52', '2021-11-05 22:52:54'),
(71, 'App\\Models\\User', 3, 'encep@gmail.com', '37e701b60ef63aa23413879392e1c96d09d47c611ce536ac9272510689472c5b', '[\"*\"]', '2021-11-05 23:52:17', '2021-11-05 22:52:53', '2021-11-05 23:52:17'),
(72, 'App\\Models\\User', 3, 'encep@gmail.com', 'b5132287d582afa369fa8339ac4d7667f8f5493f30c3e3e85fa02f1f092efd40', '[\"*\"]', '2021-11-06 01:20:45', '2021-11-06 00:21:53', '2021-11-06 01:20:45'),
(73, 'App\\Models\\User', 3, 'encep@gmail.com', '995dd1d5bc66e0dab7a5b4873179b058391ba3e7ec7b50d7f8e7aa91ec0b7d91', '[\"*\"]', '2021-11-06 02:11:46', '2021-11-06 01:23:00', '2021-11-06 02:11:46'),
(74, 'App\\Models\\User', 3, 'encep@gmail.com', 'b574927b554d5459a1233c14f4a413f35fab953a8e9e7332133cf66ebe7c40d7', '[\"*\"]', '2021-11-06 02:59:10', '2021-11-06 02:32:26', '2021-11-06 02:59:10'),
(75, 'App\\Models\\User', 3, 'encep@gmail.com', '184149e53007be2b156d9e20169b6c4fc745cefd0c17287072e3e7cd24c2fb04', '[\"*\"]', '2021-11-06 18:12:11', '2021-11-06 18:12:09', '2021-11-06 18:12:11'),
(76, 'App\\Models\\User', 3, 'encep@gmail.com', '883376b32bbf28d4c6e1cdb2807064cc18c18b3f87958a2a4185cf074b3dd7ef', '[\"*\"]', '2021-11-06 19:11:59', '2021-11-06 18:12:11', '2021-11-06 19:11:59'),
(77, 'App\\Models\\User', 3, 'encep@gmail.com', '90e1afff1bd12e5bd7ce0d44e0536c420208e73354af52c6e6864b9bd218ccf6', '[\"*\"]', '2021-11-06 19:13:58', '2021-11-06 19:13:30', '2021-11-06 19:13:58'),
(78, 'App\\Models\\User', 3, 'encep@gmail.com', 'b143b5f093717513af1a2d59bc1c425fb03060a7a077423c70cc1ba19180ff67', '[\"*\"]', '2021-11-07 20:20:52', '2021-11-07 20:20:49', '2021-11-07 20:20:52'),
(79, 'App\\Models\\User', 3, 'encep@gmail.com', '63410e80d0e83c6f0cbc655f08f73d2383e88e31b86c90bebf43f7e801691059', '[\"*\"]', '2021-11-07 21:14:11', '2021-11-07 20:20:51', '2021-11-07 21:14:11'),
(80, 'App\\Models\\User', 3, 'encep@gmail.com', '3ed92c303c18320d0b49247f3df31195401bc752ab83a5074ff0feb4779110e2', '[\"*\"]', '2021-11-07 21:31:32', '2021-11-07 21:27:51', '2021-11-07 21:31:32'),
(81, 'App\\Models\\User', 3, 'encep@gmail.com', '2c06dfa4102f703e02bd8a4d3c1e0b0f6aa4c44744df3b441b42d408f4eef18b', '[\"*\"]', '2021-11-07 23:34:31', '2021-11-07 22:39:33', '2021-11-07 23:34:31'),
(82, 'App\\Models\\User', 3, 'encep@gmail.com', '4c4af79e9226dcf549152ba01783d61318102253a06f48e411e0a5cdd7448409', '[\"*\"]', '2021-11-08 00:37:49', '2021-11-07 23:43:11', '2021-11-08 00:37:49'),
(83, 'App\\Models\\User', 3, 'encep@gmail.com', '67b0de6d1f41a751cd9c8d1d26e0fac1e2f534ba8d29244b3dc6891f958bae27', '[\"*\"]', '2021-11-08 00:48:13', '2021-11-08 00:44:03', '2021-11-08 00:48:13'),
(85, 'App\\Models\\User', 3, 'encep@gmail.com', '2da4cbd5ad5d707c908d3797d5bbf347c9b54a12063530beb13fa1a61481f55d', '[\"*\"]', '2021-11-08 03:44:58', '2021-11-08 02:49:02', '2021-11-08 03:44:58'),
(86, 'App\\Models\\User', 3, 'encep@gmail.com', '66187f075a8644aa71e6038b2346b75e8f27c633bcadf930de33ba9b96e0c5f6', '[\"*\"]', '2021-11-08 18:51:15', '2021-11-08 18:10:01', '2021-11-08 18:51:15'),
(87, 'App\\Models\\User', 3, 'encep@gmail.com', '3459ce8461e232e6b12b53bc175a1506392d96ec284a6ee74537858db0e78654', '[\"*\"]', '2021-11-08 21:11:03', '2021-11-08 20:11:12', '2021-11-08 21:11:03'),
(88, 'App\\Models\\User', 3, 'encep@gmail.com', '24995983725284796a4b719d3f8cf0684768d30fc1d75306770d3db7a6017274', '[\"*\"]', '2021-11-08 22:05:42', '2021-11-08 21:11:33', '2021-11-08 22:05:42'),
(89, 'App\\Models\\User', 3, 'encep@gmail.com', '49f8c274d1f4eaf36ee0fd4591cc997bea6b5c9c5c15377e3c4ee050deecd025', '[\"*\"]', '2021-11-08 23:21:57', '2021-11-08 22:46:50', '2021-11-08 23:21:57'),
(90, 'App\\Models\\User', 3, 'encep@gmail.com', 'c273ab679e49547769ab1d4570d7992f7f192b9cf4b4194c943d18ab652a1511', '[\"*\"]', '2021-11-09 00:56:43', '2021-11-08 23:57:53', '2021-11-09 00:56:43'),
(91, 'App\\Models\\User', 3, 'encep@gmail.com', '251d36594f9a3979d5863e8d362257d9231fb000b59c305870b15f9f386273ea', '[\"*\"]', '2021-11-09 02:48:45', '2021-11-09 01:50:50', '2021-11-09 02:48:45'),
(92, 'App\\Models\\User', 3, 'encep@gmail.com', '9e29ec21926cc5df8c45d9e1bb6db45816a67c12c32a16b7abe1d0c82b703c23', '[\"*\"]', '2021-11-09 03:35:11', '2021-11-09 02:52:33', '2021-11-09 03:35:11'),
(93, 'App\\Models\\User', 3, 'encep@gmail.com', 'ad25c5dd281a89dc6f970e2973cb423fd2d69db6fdb98cc80e1c51d083e550de', '[\"*\"]', '2021-11-09 04:24:55', '2021-11-09 04:18:39', '2021-11-09 04:24:55'),
(94, 'App\\Models\\User', 3, 'encep@gmail.com', 'db4be37adcb8052251f0ac6aea6a32a67e93b95de2925b22aeb49db4487c58d0', '[\"*\"]', '2021-11-09 06:08:38', '2021-11-09 05:24:09', '2021-11-09 06:08:38'),
(95, 'App\\Models\\User', 3, 'encep@gmail.com', '7351f93e349a10071d604783f25db96869e32031b448152d2395419a0c1a397a', '[\"*\"]', '2021-11-09 08:41:52', '2021-11-09 08:22:14', '2021-11-09 08:41:52'),
(96, 'App\\Models\\User', 3, 'encep@gmail.com', '7656990bff746dd2075c783c9fa4f693d0617390832006f9debc662e75cc93ba', '[\"*\"]', '2021-11-09 15:46:20', '2021-11-09 15:35:50', '2021-11-09 15:46:20'),
(97, 'App\\Models\\User', 3, 'encep@gmail.com', 'da921ef1b6a8f0ef24635866a7a945cbdf3abca589778ecb144d98572db7c0bf', '[\"*\"]', '2021-11-09 18:25:35', '2021-11-09 18:25:34', '2021-11-09 18:25:35'),
(98, 'App\\Models\\User', 3, 'encep@gmail.com', '23a74b337978f9fc5bf67f3fb74b88669001e1d67a55e3560df8f7588c4fd389', '[\"*\"]', '2021-11-10 01:18:49', '2021-11-10 01:06:56', '2021-11-10 01:18:49'),
(99, 'App\\Models\\User', 3, 'encep@gmail.com', '181676cd2c338f13060956335145e4b2dd68f4544fb5ca07fa4795965ccf0fe0', '[\"*\"]', '2021-11-10 03:13:46', '2021-11-10 02:19:31', '2021-11-10 03:13:46'),
(100, 'App\\Models\\User', 3, 'encep@gmail.com', '522993ca111603b0b532000b6b9b1170fb556d2529f9cd118ad0eecc19247eb6', '[\"*\"]', '2021-11-10 15:28:34', '2021-11-10 15:28:32', '2021-11-10 15:28:34'),
(101, 'App\\Models\\User', 3, 'encep@gmail.com', 'f16219d6eead17e942c41f6e4bd6014c8d0fc1da2c32c6e5e4423c29b63b4aaf', '[\"*\"]', '2021-11-10 20:56:52', '2021-11-10 20:03:07', '2021-11-10 20:56:52'),
(102, 'App\\Models\\User', 3, 'encep@gmail.com', '73d2671540e283ee345e9fab200b55d020018df7693784d14da362c94495d27b', '[\"*\"]', '2021-11-11 00:49:33', '2021-11-10 23:49:46', '2021-11-11 00:49:33'),
(103, 'App\\Models\\User', 3, 'encep@gmail.com', '7f3c77adef1cdc2053191ee05d18059846fe258e7ffc6f510af3c2e5d61816bd', '[\"*\"]', '2021-11-11 01:04:21', '2021-11-11 00:54:15', '2021-11-11 01:04:21'),
(104, 'App\\Models\\User', 3, 'encep@gmail.com', '30e6049f0807339d73d82f3d244f298a1b0ded018d5008d38a33386acaac8864', '[\"*\"]', '2021-11-11 02:03:36', '2021-11-11 02:03:34', '2021-11-11 02:03:36'),
(105, 'App\\Models\\User', 3, 'encep@gmail.com', 'eff80845123fc6366ca33b012b15c2735c7fe3046ab6de909d062c2fd3574c25', '[\"*\"]', '2021-11-11 02:22:01', '2021-11-11 02:03:35', '2021-11-11 02:22:01'),
(106, 'App\\Models\\User', 3, 'encep@gmail.com', '294a25e68015920f9645d6767a8c51e0dd06570a8126461b4fbabf01f3bed560', '[\"*\"]', '2021-11-11 03:51:18', '2021-11-11 03:10:15', '2021-11-11 03:51:18'),
(108, 'App\\Models\\User', 3, 'encep@gmail.com', '3de6b12762839de31303bc9b830e0ca077db445fb895d34c7b09bba6fdc57202', '[\"*\"]', '2021-11-12 01:08:23', '2021-11-12 00:10:05', '2021-11-12 01:08:23'),
(109, 'App\\Models\\User', 3, 'encep@gmail.com', '1c728c59c19fdcfe28f3c96bf51fe67c1dab7c0c02fb3c55cf75760bef1eddd5', '[\"*\"]', '2021-11-12 02:32:13', '2021-11-12 01:34:50', '2021-11-12 02:32:13'),
(110, 'App\\Models\\User', 3, 'encep@gmail.com', 'bcdd7b6e680015f752c7ec3ddffeecc819fad3367f86dff7c586fbaa7e93949d', '[\"*\"]', '2021-11-12 03:06:56', '2021-11-12 02:37:27', '2021-11-12 03:06:56'),
(111, 'App\\Models\\User', 3, 'encep@gmail.com', 'e0a7dba30ecc99bab2bb2cc381d8ad089fc6d8e9a829b6bee6e5d3eb711c3ad3', '[\"*\"]', '2021-11-13 00:41:05', '2021-11-13 00:40:49', '2021-11-13 00:41:05'),
(112, 'App\\Models\\User', 3, 'encep@gmail.com', 'd5ec8d7c926582ac5a58c51f90133654ff786c332b5cd59cda1206b3777451ba', '[\"*\"]', '2021-11-14 20:50:14', '2021-11-14 19:56:23', '2021-11-14 20:50:14'),
(113, 'App\\Models\\User', 3, 'encep@gmail.com', '3f0b35d7d2bbc64a3ce97438ad65cf221886cf80c826f9d464db617723a9c212', '[\"*\"]', '2021-11-14 21:41:38', '2021-11-14 21:22:40', '2021-11-14 21:41:38'),
(114, 'App\\Models\\User', 3, 'encep@gmail.com', 'e08078c7a28eb21711a4abd75a94ca53bdd688a109843eba7c9122594f9cf2e8', '[\"*\"]', '2021-11-14 23:48:13', '2021-11-14 23:19:45', '2021-11-14 23:48:13'),
(115, 'App\\Models\\User', 3, 'encep@gmail.com', '587a14ccb11d95246f3b58101140b4101684b4f55c612421cad66e5c31b563f9', '[\"*\"]', '2021-11-14 23:54:16', '2021-11-14 23:54:09', '2021-11-14 23:54:16'),
(116, 'App\\Models\\User', 3, 'encep@gmail.com', '6197e4e44f0ef77617fb213dc77922f1d7a66095860e1617fbf24e91a06736d9', '[\"*\"]', '2021-11-14 23:59:42', '2021-11-14 23:59:39', '2021-11-14 23:59:42'),
(117, 'App\\Models\\User', 3, 'encep@gmail.com', '35a27403074585d86ff8b78e8b292498510c41b3906df3f3de67bbfe76752635', '[\"*\"]', '2021-11-14 23:59:44', '2021-11-14 23:59:42', '2021-11-14 23:59:44'),
(119, 'App\\Models\\User', 3, 'encep@gmail.com', '7ae6efce0440874b49dfa8515ab8386ebf5895335fcfa26559efd8130b040e53', '[\"*\"]', '2021-11-15 01:02:26', '2021-11-15 00:48:07', '2021-11-15 01:02:26'),
(120, 'App\\Models\\User', 3, 'encep@gmail.com', 'ed5585a8fc1e35f044403b7567b820d5dbb09063fefe88a8cdb4b7c287cf3f7d', '[\"*\"]', '2021-11-15 02:47:28', '2021-11-15 01:52:34', '2021-11-15 02:47:28'),
(121, 'App\\Models\\User', 3, 'encep@gmail.com', '100bbdddd90d892ae866740001ec0a5fe99f20682a158d05341360ebeec87387', '[\"*\"]', '2021-11-15 03:20:10', '2021-11-15 02:56:02', '2021-11-15 03:20:10'),
(122, 'App\\Models\\User', 3, 'encep@gmail.com', '221f1710cd353f6aacab9e56820cc1b0460abd2b3eb2376b5839ebe567ab2b21', '[\"*\"]', '2021-11-15 20:27:06', '2021-11-15 19:31:54', '2021-11-15 20:27:06'),
(123, 'App\\Models\\User', 3, 'encep@gmail.com', 'f4f481f1a841ab1e1e72abea84d75540686a0ec2fffa9fc2cd3ddb3c39fa4236', '[\"*\"]', '2021-11-15 21:32:32', '2021-11-15 20:39:03', '2021-11-15 21:32:32'),
(124, 'App\\Models\\User', 3, 'encep@gmail.com', 'f943d1256bb1ad72f8b5384b7543ce1aa4bc8d3df1996e05eec1e3f11b85cfca', '[\"*\"]', '2021-11-16 00:16:11', '2021-11-15 23:33:33', '2021-11-16 00:16:11'),
(125, 'App\\Models\\User', 3, 'encep@gmail.com', '13cf200cc17b5e1f5f588e80c4cafa929f3445776012ca7945ff308a2c9a43c6', '[\"*\"]', '2021-11-16 01:13:22', '2021-11-16 00:57:55', '2021-11-16 01:13:22'),
(126, 'App\\Models\\User', 3, 'encep@gmail.com', '4dbd733b43946d9ac10f20bc27d80e35c30b4fb3e63cfc557e0d89a8a7de70bb', '[\"*\"]', '2021-11-16 02:57:50', '2021-11-16 02:03:38', '2021-11-16 02:57:50'),
(127, 'App\\Models\\User', 3, 'encep@gmail.com', 'd8bbe2dd42d435fddc233da2a2b5e47723f807b8bbf108e257df71b1c830eedb', '[\"*\"]', '2021-11-16 03:29:24', '2021-11-16 03:14:56', '2021-11-16 03:29:24'),
(128, 'App\\Models\\User', 3, 'encep@gmail.com', '32e821807749bf897aafea402e163e10100e45150d86f4d63c0d1c48d5d25666', '[\"*\"]', '2021-11-16 20:36:24', '2021-11-16 19:44:44', '2021-11-16 20:36:24'),
(129, 'App\\Models\\User', 3, 'encep@gmail.com', '60c4eff481e26d679d10c4219cd35f00758c873ee4987b7cd37ef75138acb210', '[\"*\"]', '2021-11-16 21:39:08', '2021-11-16 20:47:06', '2021-11-16 21:39:08'),
(130, 'App\\Models\\User', 3, 'encep@gmail.com', 'ba4abcfadf1495d2ff8dbd165de4de32002be243e47e802e7d633d915cdc4ccb', '[\"*\"]', '2021-11-17 00:14:52', '2021-11-16 23:15:36', '2021-11-17 00:14:52'),
(131, 'App\\Models\\User', 3, 'encep@gmail.com', '53a64f0428d3463358c3c7c4adba2c03164601cdc12746bb313c790759e5190d', '[\"*\"]', '2021-11-17 00:27:13', '2021-11-17 00:17:27', '2021-11-17 00:27:13'),
(132, 'App\\Models\\User', 3, 'encep@gmail.com', '2449540aa33bbde9a4306f02ec71d88c160eb5a19da6c55d7595682ef8c94372', '[\"*\"]', '2021-11-17 03:23:01', '2021-11-17 02:24:34', '2021-11-17 03:23:01'),
(133, 'App\\Models\\User', 3, 'encep@gmail.com', '1984730e0238b7e7d043f88b3ecce0d280d9ab71e58305ed38cbc915a9db9de2', '[\"*\"]', '2021-11-17 03:32:15', '2021-11-17 03:27:54', '2021-11-17 03:32:15'),
(134, 'App\\Models\\User', 3, 'encep@gmail.com', '8bd8a65ca0b4dedbf40646a6f5c8ae111ab2bda5c231fc05804c424ee5cc4722', '[\"*\"]', '2021-11-17 20:59:47', '2021-11-17 20:10:45', '2021-11-17 20:59:47'),
(135, 'App\\Models\\User', 3, 'encep@gmail.com', 'e34b1bb9ca001304cbc69a1cf8d846cb6c27563412d17190730d932407488601', '[\"*\"]', '2021-11-17 21:04:01', '2021-11-17 21:00:43', '2021-11-17 21:04:01'),
(136, 'App\\Models\\User', 3, 'encep@gmail.com', '4f378413f48ac583a098566566f2840eaece6da503775638c9c8b93626a55a30', '[\"*\"]', '2021-11-17 21:35:55', '2021-11-17 21:04:30', '2021-11-17 21:35:55'),
(137, 'App\\Models\\User', 3, 'encep@gmail.com', 'dd09fed94adde4a083fae74233947c3068ec4398dcbfbdf85f907bcbe65fb875', '[\"*\"]', '2021-11-18 00:18:52', '2021-11-17 23:20:54', '2021-11-18 00:18:52'),
(138, 'App\\Models\\User', 3, 'encep@gmail.com', 'a2c633956055dddfaecdffb6ed3f3f9f7a702d5978d3be96e4a6670b033762d7', '[\"*\"]', '2021-11-18 01:08:47', '2021-11-18 00:25:09', '2021-11-18 01:08:47'),
(139, 'App\\Models\\User', 3, 'encep@gmail.com', 'd3f2dc0f9736e79710a1e81c724e67595ad4c7e482efe9e5bbf3a1a688f46544', '[\"*\"]', '2021-11-18 03:04:54', '2021-11-18 02:10:59', '2021-11-18 03:04:54'),
(140, 'App\\Models\\User', 3, 'encep@gmail.com', '39eaa06e33fdde4ed805d32c6d81aea4500c324d92478492de8ebab016438fb1', '[\"*\"]', '2021-11-18 03:43:40', '2021-11-18 03:17:15', '2021-11-18 03:43:40'),
(141, 'App\\Models\\User', 3, 'encep@gmail.com', '6e3bc00525d8c3c4738bf76a2a366bf9df42325b654666558b6ce6872f44b424', '[\"*\"]', '2021-11-19 00:03:22', '2021-11-18 23:23:14', '2021-11-19 00:03:22'),
(142, 'App\\Models\\User', 3, 'encep@gmail.com', 'c8bc80eab4e1114dc9fd0136ce3b2553d38ffadb96e30d39bb7a5d26d92dece3', '[\"*\"]', '2021-11-19 01:35:45', '2021-11-19 00:40:03', '2021-11-19 01:35:45'),
(143, 'App\\Models\\User', 3, 'encep@gmail.com', 'd48b068865b160d6a92086a094202b8edfc7fadd254ff56b35bf64a8c25c12a2', '[\"*\"]', '2021-11-19 02:39:41', '2021-11-19 01:40:50', '2021-11-19 02:39:41'),
(144, 'App\\Models\\User', 3, 'encep@gmail.com', '2623b7caff6c22c81e46151c0eaee9e894047419831541a89e19db8731cd5489', '[\"*\"]', '2021-11-21 21:28:43', '2021-11-21 20:28:55', '2021-11-21 21:28:43'),
(145, 'App\\Models\\User', 3, 'encep@gmail.com', '2e2aa709cbc1ae3bf9b8b7eaa8a431ef7d1d685dcd13d8b0e1a68d07eb10289f', '[\"*\"]', '2021-11-21 21:33:47', '2021-11-21 21:29:22', '2021-11-21 21:33:47'),
(146, 'App\\Models\\User', 3, 'encep@gmail.com', 'b59743375096b8405d9acff21a753b5bc294c83a9f7674f38a782c8695f9ccbd', '[\"*\"]', '2021-11-21 21:38:15', '2021-11-21 21:34:04', '2021-11-21 21:38:15'),
(147, 'App\\Models\\User', 3, 'encep@gmail.com', '00d82109c38ee3e3134248505f0733f4b1db24ac41c09586e33fdc189744b5d5', '[\"*\"]', '2021-11-21 23:21:13', '2021-11-21 23:21:11', '2021-11-21 23:21:13'),
(148, 'App\\Models\\User', 3, 'encep@gmail.com', '9253c4add18f96dc8aa651de76a061460302ce3bea2372d6a0b5f11b088d8985', '[\"*\"]', '2021-11-22 02:00:17', '2021-11-22 01:05:22', '2021-11-22 02:00:17'),
(149, 'App\\Models\\User', 3, 'encep@gmail.com', 'b80fbd90e6ea8c130992aaeae646a97ad8fdb4dd0be709d0974fc12160b2cf58', '[\"*\"]', '2021-11-22 03:04:27', '2021-11-22 02:08:20', '2021-11-22 03:04:27'),
(150, 'App\\Models\\User', 3, 'encep@gmail.com', '4694cb48a6362c958bd317265dcd7d9fcb1209979a9cae2d5475083c83097685', '[\"*\"]', '2021-11-22 03:31:16', '2021-11-22 03:08:35', '2021-11-22 03:31:16'),
(151, 'App\\Models\\User', 3, 'encep@gmail.com', '00e75039d4ab5cf794fb301277c742d5a5669d7a536fae9d234c9c7bea0a336b', '[\"*\"]', '2021-11-22 20:40:37', '2021-11-22 20:00:52', '2021-11-22 20:40:37'),
(152, 'App\\Models\\User', 3, 'encep@gmail.com', 'e107ce3a2f298518cb5b95fee0433aac51c8182d256267a46a210b8bd3b022af', '[\"*\"]', '2021-11-22 21:27:22', '2021-11-22 21:22:36', '2021-11-22 21:27:22'),
(153, 'App\\Models\\User', 3, 'encep@gmail.com', '2bf0db51028b6ddb4619b0134a897a82f4ddfa4deb5caaee63f832fc0eacf8bb', '[\"*\"]', '2021-11-22 23:43:45', '2021-11-22 23:20:45', '2021-11-22 23:43:45'),
(154, 'App\\Models\\User', 3, 'encep@gmail.com', '7293e9d7c97c53dfabe2bab788ff18b2a5fd0c1b5610b421fbe587c0de074936', '[\"*\"]', '2021-11-23 00:48:39', '2021-11-23 00:41:08', '2021-11-23 00:48:39'),
(155, 'App\\Models\\User', 3, 'encep@gmail.com', '0ca0525ebfb3ccb4ee02db00439aa644d6b5dd023e8ee3d844dc7d9dedab03b4', '[\"*\"]', '2021-11-23 02:05:47', '2021-11-23 02:01:45', '2021-11-23 02:05:47'),
(156, 'App\\Models\\User', 3, 'encep@gmail.com', 'b48db9b22ba52763dc07db404ef2343063afdb1230938e2f5c882da71faed33d', '[\"*\"]', '2021-11-23 03:58:35', '2021-11-23 03:07:56', '2021-11-23 03:58:35'),
(157, 'App\\Models\\User', 3, 'encep@gmail.com', '1cc564ca8228443974bb3c23a3b673face10415fa401d6b2c6274c8ea669bb32', '[\"*\"]', '2021-11-23 20:57:30', '2021-11-23 20:11:49', '2021-11-23 20:57:30'),
(158, 'App\\Models\\User', 3, 'encep@gmail.com', 'c133c2f6c370ffda7c652bd56d29e45ed7d9020c802eea56a6e31408a50eaae2', '[\"*\"]', '2021-11-23 21:36:07', '2021-11-23 21:27:10', '2021-11-23 21:36:07'),
(159, 'App\\Models\\User', 3, 'encep@gmail.com', 'b338ae8cc3d1a6b64bc3dc232d6e4fffcdb2226081195d54aff04ef6744697b8', '[\"*\"]', '2021-11-23 23:34:46', '2021-11-23 23:14:13', '2021-11-23 23:34:46'),
(160, 'App\\Models\\User', 3, 'encep@gmail.com', 'ae4b9ad5d6807f051bd1954e1ad7f2e87baa0b2a70436471f44f6a5bf68b2bde', '[\"*\"]', '2021-11-24 00:57:24', '2021-11-24 00:21:58', '2021-11-24 00:57:24'),
(161, 'App\\Models\\User', 3, 'encep@gmail.com', '143393fc02348f1692c8d488e51a339af19c734a1c6b973e9d9b043bcf3380e6', '[\"*\"]', '2021-11-24 03:00:04', '2021-11-24 02:00:57', '2021-11-24 03:00:04'),
(162, 'App\\Models\\User', 3, 'encep@gmail.com', 'd1e2667e41fc4607cabad539e2a2832574c0273130b78cf62fbf837d9cb15d3a', '[\"*\"]', '2021-11-24 03:34:58', '2021-11-24 03:09:40', '2021-11-24 03:34:58'),
(163, 'App\\Models\\User', 3, 'encep@gmail.com', 'e16228a759723825bdbb910bcdbd6a8092a34fe66f982d4964012161916799ca', '[\"*\"]', '2021-11-24 19:48:21', '2021-11-24 19:48:20', '2021-11-24 19:48:21'),
(164, 'App\\Models\\User', 3, 'encep@gmail.com', '1c8d093103457c4f32bc85884d1ec900ae1c5267d871571b5a4ae156646f1b68', '[\"*\"]', '2021-11-24 20:46:57', '2021-11-24 19:48:20', '2021-11-24 20:46:57'),
(165, 'App\\Models\\User', 3, 'encep@gmail.com', '49163a8bb37a5708f579bd9415cc020ffe641f7087b7060c2bfd30d553e38828', '[\"*\"]', '2021-11-24 21:35:07', '2021-11-24 20:49:29', '2021-11-24 21:35:07'),
(166, 'App\\Models\\User', 3, 'encep@gmail.com', 'd068aff0b96c485e66f13b77e63596de69855d529d19fadd4a6f1025ad3ca228', '[\"*\"]', '2021-11-25 00:13:33', '2021-11-24 23:15:59', '2021-11-25 00:13:33'),
(167, 'App\\Models\\User', 3, 'encep@gmail.com', '7d892373d8ba05a063f3c06fb0178dfb9cebf782836a355a495665c6d1ef98fd', '[\"*\"]', '2021-11-25 00:57:48', '2021-11-25 00:28:45', '2021-11-25 00:57:48'),
(168, 'App\\Models\\User', 3, 'encep@gmail.com', 'c8e8f78aadf423fc8271f6d9bcb28c921d87708b00ca66ad1ba1327dc7fb3a42', '[\"*\"]', '2021-11-25 02:50:33', '2021-11-25 02:00:04', '2021-11-25 02:50:33'),
(169, 'App\\Models\\User', 3, 'encep@gmail.com', 'b98831685fa378fcaa2a20c57f0e30dd38eb865e95430c58390a88539aadd5b0', '[\"*\"]', '2021-11-25 04:03:36', '2021-11-25 03:08:24', '2021-11-25 04:03:36'),
(170, 'App\\Models\\User', 3, 'encep@gmail.com', 'e7e3b87f6bb287aca5abc83846a2c3c5f67fe9e2a983e38346ab0f675745a4e0', '[\"*\"]', '2021-11-25 04:53:14', '2021-11-25 04:41:03', '2021-11-25 04:53:14'),
(171, 'App\\Models\\User', 3, 'encep@gmail.com', '3b2ecfac0ac76cbe29fdec1bc79931dd71c2b338bbb95e69b690b96179333448', '[\"*\"]', '2021-11-25 20:54:35', '2021-11-25 19:58:04', '2021-11-25 20:54:35'),
(172, 'App\\Models\\User', 3, 'encep@gmail.com', '2e84b04c2ec775106f2aa14422bcc6bd2d326a49c7541d4674a2e0a052956d8d', '[\"*\"]', '2021-11-25 21:29:47', '2021-11-25 21:05:30', '2021-11-25 21:29:47'),
(173, 'App\\Models\\User', 3, 'encep@gmail.com', '487d5c04cda29ecc70079fc7eb777afcefde1213c6e419a0c5c17eb0803a4495', '[\"*\"]', '2021-11-25 22:51:47', '2021-11-25 22:48:19', '2021-11-25 22:51:47'),
(174, 'App\\Models\\User', 3, 'encep@gmail.com', 'a9fc9e30f265dfae7c2601ef46a79e09a77551dc376e5a593919d72f7cb03c5a', '[\"*\"]', '2021-11-26 00:36:11', '2021-11-25 23:55:17', '2021-11-26 00:36:11'),
(175, 'App\\Models\\User', 3, 'encep@gmail.com', 'f3f968b64c8fe17458a0b31536556b478baa691289395b2d838730e18190e7e8', '[\"*\"]', '2021-11-26 01:49:44', '2021-11-26 00:56:45', '2021-11-26 01:49:44'),
(176, 'App\\Models\\User', 3, 'encep@gmail.com', '20fb6e297f0d4f3e7282ded6ec5085c1393af1ba8735eddcfa2ddb9e9d50c174', '[\"*\"]', '2021-11-26 03:11:28', '2021-11-26 02:13:38', '2021-11-26 03:11:28'),
(177, 'App\\Models\\User', 3, 'encep@gmail.com', '810262bdd6756a786e741939e7f682e70371209d5d98dc3c281139cf03f390e4', '[\"*\"]', '2021-11-26 03:23:32', '2021-11-26 03:23:13', '2021-11-26 03:23:32'),
(178, 'App\\Models\\User', 3, 'encep@gmail.com', 'dff3c57d145dd0f4eb8da2d1111b54ba1f8f775edbc6c15fe3f112d14679ff0e', '[\"*\"]', '2021-11-28 20:49:27', '2021-11-28 19:49:43', '2021-11-28 20:49:27'),
(179, 'App\\Models\\User', 3, 'encep@gmail.com', '7b1251cc44a8f306ea48fccb68d1093f9225af11c348644c2f195269c1b3ee26', '[\"*\"]', '2021-11-28 21:22:57', '2021-11-28 20:57:06', '2021-11-28 21:22:57'),
(180, 'App\\Models\\User', 3, 'encep@gmail.com', 'e8031863d91cd3c9b12a33ec70275c5c86a68db3907dc2bdb23bfbc695550270', '[\"*\"]', '2021-11-28 21:40:21', '2021-11-28 21:20:03', '2021-11-28 21:40:21'),
(181, 'App\\Models\\User', 3, 'encep@gmail.com', 'd799b08432609beb30d58d449432f9bfb5bb41fa4c57ae1b9a7863b2d78274ef', '[\"*\"]', '2021-11-28 23:16:05', '2021-11-28 22:32:54', '2021-11-28 23:16:05'),
(182, 'App\\Models\\User', 3, 'encep@gmail.com', 'dcef71fa56883d72af7fa68a0df9859fdd683bbd708b78b0a529daa0b4dbd8a5', '[\"*\"]', '2021-11-29 01:04:38', '2021-11-29 00:20:04', '2021-11-29 01:04:38'),
(183, 'App\\Models\\User', 3, 'encep@gmail.com', '36e3e04fc38f371e09f6ad46d144e8598352b1182650c17453b14dd6591cc2ca', '[\"*\"]', '2021-11-29 02:56:07', '2021-11-29 01:59:47', '2021-11-29 02:56:07'),
(184, 'App\\Models\\User', 3, 'encep@gmail.com', 'f07c2478912c041ef876baea2b7eed9b9c120055c64dd86519e058de9333b6d0', '[\"*\"]', '2021-11-29 03:55:30', '2021-11-29 02:56:38', '2021-11-29 03:55:30'),
(185, 'App\\Models\\User', 3, 'encep@gmail.com', '47747d984b09b429f16f86e03dde606da93f0365b15d3060ef637bbc6591b1ca', '[\"*\"]', '2021-11-29 04:56:32', '2021-11-29 03:57:28', '2021-11-29 04:56:32'),
(186, 'App\\Models\\User', 3, 'encep@gmail.com', '683c43af9115ab8da6ca595196ec3a5309f8e7294ed752b375473631757c35a1', '[\"*\"]', '2021-11-29 05:12:23', '2021-11-29 05:03:54', '2021-11-29 05:12:23'),
(187, 'App\\Models\\User', 3, 'encep@gmail.com', '0806fd3ec62087b4cb08c5213ff5e940b08689633dc733843adf23874902c2b0', '[\"*\"]', '2021-11-29 20:32:58', '2021-11-29 19:35:42', '2021-11-29 20:32:58'),
(188, 'App\\Models\\User', 3, 'encep@gmail.com', 'de58d1afbcfaca84cd4bdaaf458d57c97a356155611d51b1481f796c9527890d', '[\"*\"]', '2021-11-29 21:35:47', '2021-11-29 20:43:46', '2021-11-29 21:35:47'),
(189, 'App\\Models\\User', 3, 'encep@gmail.com', 'aa25b969bb57aaae82f6be20925f5b70e31599b1f5bde43fbfb887cd9818c748', '[\"*\"]', '2021-11-30 00:15:55', '2021-11-29 23:20:32', '2021-11-30 00:15:55'),
(190, 'App\\Models\\User', 3, 'encep@gmail.com', '54f7665697ff9796eeaf0281e499143870aaa677a88634389b2a8f9da2af0367', '[\"*\"]', '2021-11-30 01:03:08', '2021-11-30 00:24:26', '2021-11-30 01:03:08'),
(191, 'App\\Models\\User', 3, 'encep@gmail.com', '21597fb3f749bafe4645b7b8bda9350dc998a259f1b72a2bd79e3be7fed14332', '[\"*\"]', '2021-11-30 03:17:32', '2021-11-30 02:17:52', '2021-11-30 03:17:32'),
(192, 'App\\Models\\User', 3, 'encep@gmail.com', 'e3048ad71c16f10516d6862f23f6a84f543d62609e1f95f3c0f127f12284b294', '[\"*\"]', '2021-11-30 03:21:50', '2021-11-30 03:19:06', '2021-11-30 03:21:50'),
(193, 'App\\Models\\User', 3, 'encep@gmail.com', '3f70e448fe94c6a7c0313e3db110cfaa7b6b5e9cea224de14ba02fdf68701fb6', '[\"*\"]', '2021-11-30 20:36:31', '2021-11-30 19:53:47', '2021-11-30 20:36:31'),
(194, 'App\\Models\\User', 3, 'encep@gmail.com', '0e9bb4031ac794d4727eec6b166c7e1f0196accaae180350a069c6c112285a84', '[\"*\"]', '2021-11-30 21:36:44', '2021-11-30 20:59:57', '2021-11-30 21:36:44'),
(195, 'App\\Models\\User', 3, 'encep@gmail.com', 'c1f3fa8be30276631ba345a67016c664da9211ed6b4080f0c1910794d0609c9e', '[\"*\"]', '2021-11-30 23:33:18', '2021-11-30 23:02:14', '2021-11-30 23:33:18'),
(196, 'App\\Models\\User', 3, 'encep@gmail.com', '8b633bbb00011c8e939b4034088b23fb2401fb87e028a527f8904b9e10aeb3bd', '[\"*\"]', '2021-12-01 01:11:54', '2021-12-01 00:14:13', '2021-12-01 01:11:54'),
(197, 'App\\Models\\User', 3, 'encep@gmail.com', '1ff00124d1faee84e66ab1f40c20a373247fb8700eed3d4c538dbb8eca015cf8', '[\"*\"]', '2021-12-01 02:57:02', '2021-12-01 02:01:37', '2021-12-01 02:57:02'),
(198, 'App\\Models\\User', 3, 'encep@gmail.com', 'a0094a13a683c82094abc02830423814570d37e8ff7bd0be43a90f7a755eb74b', '[\"*\"]', '2021-12-01 03:58:09', '2021-12-01 03:03:03', '2021-12-01 03:58:09'),
(199, 'App\\Models\\User', 3, 'encep@gmail.com', 'cc0399ae1cae804000375636063357e33d89a8401a61a5269362536d3265e950', '[\"*\"]', '2021-12-01 20:37:14', '2021-12-01 19:54:06', '2021-12-01 20:37:14'),
(200, 'App\\Models\\User', 3, 'encep@gmail.com', '8d6ef238596f1207560262b051680df796db526e69087e2b9445839c528b621c', '[\"*\"]', '2021-12-01 21:37:33', '2021-12-01 21:00:20', '2021-12-01 21:37:33'),
(201, 'App\\Models\\User', 3, 'encep@gmail.com', '409268c06816e42fda3a753e52e7cef66545866644258f0bb444ab7bc0c636e5', '[\"*\"]', '2021-12-02 00:08:17', '2021-12-01 23:08:23', '2021-12-02 00:08:17'),
(202, 'App\\Models\\User', 3, 'encep@gmail.com', 'c627ea65adc974624da20aa0aed12aadda16c96c2d83b4b03107a51b27419cd2', '[\"*\"]', '2021-12-02 01:02:57', '2021-12-02 00:16:26', '2021-12-02 01:02:57'),
(203, 'App\\Models\\User', 3, 'encep@gmail.com', '72e731469de0c29fabd61e11e3efe5e5132493d8e42ce33b2a15f8432fad2e37', '[\"*\"]', '2021-12-02 01:18:32', '2021-12-02 01:17:07', '2021-12-02 01:18:32'),
(204, 'App\\Models\\User', 3, 'encep@gmail.com', '1f45690b407f559982c707de1b20f65347296eb5d6d29b0800fac106be6b8851', '[\"*\"]', '2021-12-02 03:26:38', '2021-12-02 02:28:02', '2021-12-02 03:26:38'),
(205, 'App\\Models\\User', 3, 'encep@gmail.com', 'fa9900289c2095a48e3e0ee5cb2a092dc1eda07c4736b7e19ec498a5d82153af', '[\"*\"]', '2021-12-02 03:38:37', '2021-12-02 03:31:17', '2021-12-02 03:38:37'),
(206, 'App\\Models\\User', 3, 'encep@gmail.com', '46e82e98ef6f0382c1fbb9dd4abe3e26870b32066f7ef8304c16a59a1794ac65', '[\"*\"]', '2021-12-02 20:57:26', '2021-12-02 20:00:23', '2021-12-02 20:57:26'),
(207, 'App\\Models\\User', 3, 'encep@gmail.com', 'f6e8d59b4641dd6b9288715809d77029dba69c45d41f2032c4c202dc2bc33f08', '[\"*\"]', '2021-12-02 21:26:01', '2021-12-02 21:06:19', '2021-12-02 21:26:01'),
(208, 'App\\Models\\User', 3, 'encep@gmail.com', '7f875a5c170a1141ab3af8345714c02bbbfd30ddf94fc4fcc6f35b0fbb801617', '[\"*\"]', '2021-12-03 00:23:31', '2021-12-02 23:23:51', '2021-12-03 00:23:31'),
(209, 'App\\Models\\User', 3, 'encep@gmail.com', '9cbd333a57f2519734f0470abc221af343113f475e14fdd421136948ba45c3b3', '[\"*\"]', '2021-12-03 00:56:49', '2021-12-03 00:24:40', '2021-12-03 00:56:49'),
(210, 'App\\Models\\User', 3, 'encep@gmail.com', '9b81c5f23bcd731a1a738d856faf89e7348498c47d48e38495e127eb77e9bf28', '[\"*\"]', '2021-12-03 02:30:30', '2021-12-03 01:37:36', '2021-12-03 02:30:30'),
(211, 'App\\Models\\User', 3, 'encep@gmail.com', '37d3f5971e955ae9cbb43049f1ef35eb00454c4b3fe9024651c64098370d4031', '[\"*\"]', '2021-12-03 03:52:35', '2021-12-03 03:02:15', '2021-12-03 03:52:35'),
(212, 'App\\Models\\User', 3, 'encep@gmail.com', '82a5f2c5b9788ad0f594273f842ee424e788dc7bbd4192b42ab960c46819a937', '[\"*\"]', '2021-12-05 20:51:33', '2021-12-05 20:01:36', '2021-12-05 20:51:33'),
(213, 'App\\Models\\User', 3, 'encep@gmail.com', '23eb8ccc3c81e67195cd92d94056a3070610386ea51d85f7189ab2a313e7b8f3', '[\"*\"]', '2021-12-05 21:29:18', '2021-12-05 21:02:06', '2021-12-05 21:29:18'),
(214, 'App\\Models\\User', 3, 'encep@gmail.com', '6049df58cd147bc6b9550e99f5fb36f4beacaad49379799701a8dec0c0e0a2ca', '[\"*\"]', '2021-12-06 00:37:38', '2021-12-05 23:55:34', '2021-12-06 00:37:38'),
(215, 'App\\Models\\User', 3, 'encep@gmail.com', 'e0545ca4f3adb5e6d23104c7372d7120400b867e7df0834769103fa574185d8c', '[\"*\"]', '2021-12-06 01:59:42', '2021-12-06 01:02:24', '2021-12-06 01:59:42'),
(216, 'App\\Models\\User', 3, 'encep@gmail.com', 'f9fd69ae15c5536227913bc1c94540561332ef7e72350d35758e6ae9855778b5', '[\"*\"]', '2021-12-06 02:13:29', '2021-12-06 02:02:54', '2021-12-06 02:13:29'),
(217, 'App\\Models\\User', 3, 'encep@gmail.com', 'c1f0686c94b27d9de037dad20bbb4186d5008091009b0d92c8725f0ad923cc0d', '[\"*\"]', '2021-12-06 03:49:13', '2021-12-06 03:49:12', '2021-12-06 03:49:13'),
(218, 'App\\Models\\User', 3, 'encep@gmail.com', '7be7e7e0f322c75168dda6825ad721e147de8178de69a043d648d87a0a9683f7', '[\"*\"]', '2021-12-06 20:19:13', '2021-12-06 19:48:05', '2021-12-06 20:19:13'),
(219, 'App\\Models\\User', 3, 'encep@gmail.com', '5545dcf53c021ebfdebd6c84f4215a199708b72cffdb203f70a9257aa33773a5', '[\"*\"]', '2021-12-06 21:49:58', '2021-12-06 21:14:53', '2021-12-06 21:49:58'),
(220, 'App\\Models\\User', 3, 'encep@gmail.com', '2ff40fe328264ee90a17a3d81c5cd84331c99067b6206c3ea440c1a32a421145', '[\"*\"]', '2021-12-07 00:26:30', '2021-12-06 23:27:38', '2021-12-07 00:26:30'),
(221, 'App\\Models\\User', 3, 'encep@gmail.com', '51cbed78752c8de57dae47632aa3c8459533ebfcf2c88b12daf1595303f335cb', '[\"*\"]', '2021-12-07 01:14:43', '2021-12-07 00:28:10', '2021-12-07 01:14:43'),
(222, 'App\\Models\\User', 3, 'encep@gmail.com', '6cf288b64aecbd2a232f43cca2bd033b54a7a2f0e0d24fe8d37fb695539b047a', '[\"*\"]', '2021-12-07 03:10:18', '2021-12-07 02:10:40', '2021-12-07 03:10:18'),
(223, 'App\\Models\\User', 3, 'encep@gmail.com', '430b72dd1af406c83ae4a12181666cda6306a29f1ea89ace47230f44b3081925', '[\"*\"]', '2021-12-07 04:12:15', '2021-12-07 03:16:01', '2021-12-07 04:12:15'),
(224, 'App\\Models\\User', 3, 'encep@gmail.com', '38948483e54e27666233f1da15510906851def7cb2a85036a27ddef3465459eb', '[\"*\"]', '2021-12-07 21:05:31', '2021-12-07 20:06:25', '2021-12-07 21:05:31'),
(225, 'App\\Models\\User', 3, 'encep@gmail.com', '631cc7cf3e492dd0213ecc18a51f2491b585c8a7af2c51933e54224c55ea8e4a', '[\"*\"]', '2021-12-07 21:42:00', '2021-12-07 21:12:55', '2021-12-07 21:42:00'),
(226, 'App\\Models\\User', 3, 'encep@gmail.com', 'aee69fe0bb3cba9fdcf748707aa55102b2a2fa697ea660036c8393844e2077f8', '[\"*\"]', '2021-12-07 23:58:47', '2021-12-07 23:28:29', '2021-12-07 23:58:47'),
(227, 'App\\Models\\User', 3, 'encep@gmail.com', 'e649d666d9487f3e14208e533cd0576b99136a27c00c76dca34e628648b4e116', '[\"*\"]', '2021-12-08 01:15:25', '2021-12-08 00:33:05', '2021-12-08 01:15:25'),
(228, 'App\\Models\\User', 3, 'encep@gmail.com', '914bd8d0dd32da9cdd6906bd90fff6422940d39b8100470f2b418ce75bc40846', '[\"*\"]', '2021-12-08 02:28:43', '2021-12-08 01:50:43', '2021-12-08 02:28:43'),
(229, 'App\\Models\\User', 3, 'encep@gmail.com', '411676b250b3d795559bf2ed1104f1ab43791256cfd79e408bd679ee10c8cd0c', '[\"*\"]', '2021-12-08 04:11:00', '2021-12-08 03:48:02', '2021-12-08 04:11:00'),
(230, 'App\\Models\\User', 3, 'encep@gmail.com', '1256ebbf1ec2610f014a20a083ad7acb78ee60f253f75c8232785edaaa79d286', '[\"*\"]', '2021-12-08 06:46:12', '2021-12-08 05:52:02', '2021-12-08 06:46:12'),
(231, 'App\\Models\\User', 3, 'encep@gmail.com', '144ede6496b206c69304bd28bf3b10d0d9f1d1e58b0de25829a2e47afd95ec26', '[\"*\"]', '2021-12-08 19:41:21', '2021-12-08 19:39:34', '2021-12-08 19:41:21'),
(232, 'App\\Models\\User', 3, 'encep@gmail.com', '7aa79c2cb1b7ca71b67981fb84777949fa5897c9f61af667ee27d80121a7ec66', '[\"*\"]', '2021-12-08 21:32:19', '2021-12-08 20:40:15', '2021-12-08 21:32:19'),
(233, 'App\\Models\\User', 3, 'encep@gmail.com', '9800c31b5585a9e963d8d96135cf99fe7d1c25a36c4203f3e232d68b4b8a0b9c', '[\"*\"]', '2021-12-08 22:13:56', '2021-12-08 21:50:45', '2021-12-08 22:13:56'),
(234, 'App\\Models\\User', 3, 'encep@gmail.com', 'bf8dcf77d3891bf2394f47f6d7332224a854646d4f99f4113caaebf8775b00b7', '[\"*\"]', '2021-12-09 00:51:43', '2021-12-08 23:52:42', '2021-12-09 00:51:43'),
(235, 'App\\Models\\User', 3, 'encep@gmail.com', '7668cc6b96ba06ab5489e8f8cb7454eca6d5e04575825ecc9ded3970d1910d73', '[\"*\"]', '2021-12-09 01:57:58', '2021-12-09 01:14:48', '2021-12-09 01:57:58'),
(236, 'App\\Models\\User', 3, 'encep@gmail.com', '10e4b8e947ec257ac9213fd848b1675813dd6f46c5e46b797f18ff5588f5531d', '[\"*\"]', '2021-12-09 03:18:45', '2021-12-09 02:30:04', '2021-12-09 03:18:45'),
(237, 'App\\Models\\User', 3, 'encep@gmail.com', '49526dd75b477b23b6a02f2e4918b5a9accfc5423f746a28b4fcb138cb8aceb5', '[\"*\"]', '2021-12-09 04:08:25', '2021-12-09 03:33:06', '2021-12-09 04:08:25'),
(238, 'App\\Models\\User', 3, 'encep@gmail.com', '20c8d9f0e85572ea060256c00a458e786d67f76c3b89bbb0bce62024917aa345', '[\"*\"]', '2021-12-12 20:46:11', '2021-12-12 19:48:06', '2021-12-12 20:46:11'),
(239, 'App\\Models\\User', 3, 'encep@gmail.com', 'bd15677937c3618694e37e7418cf37ec7db80498f87501b902bf387cee3842fe', '[\"*\"]', '2021-12-12 21:30:46', '2021-12-12 20:52:29', '2021-12-12 21:30:46'),
(240, 'App\\Models\\User', 3, 'encep@gmail.com', '6c247956a8468525037bc8925ed00a4af07ef275d8cb24986dfeb29d6704da33', '[\"*\"]', '2021-12-13 02:01:22', '2021-12-13 01:02:39', '2021-12-13 02:01:22'),
(241, 'App\\Models\\User', 3, 'encep@gmail.com', '983762334a1ebee9532034fec462f2e2886ee00c6012f190deb2882fc1f85cb4', '[\"*\"]', '2021-12-13 02:43:19', '2021-12-13 02:33:56', '2021-12-13 02:43:19'),
(242, 'App\\Models\\User', 3, 'encep@gmail.com', 'dd1982e0fb259dbd6bf36d071e8e301bd7fa1eb095131d1c85c9d656dc2f0104', '[\"*\"]', '2021-12-13 21:12:57', '2021-12-13 20:15:21', '2021-12-13 21:12:57'),
(243, 'App\\Models\\User', 3, 'encep@gmail.com', 'b2e40d20f10e804505a2b7f36150e0d51100235215639f334ab7d23e81891c1d', '[\"*\"]', '2021-12-13 21:48:54', '2021-12-13 21:18:39', '2021-12-13 21:48:54'),
(244, 'App\\Models\\User', 3, 'encep@gmail.com', '2c0699bf725ca106b0f647359ff09919ef1f974e2ec2f1cc1c312c86a5261a25', '[\"*\"]', '2021-12-13 23:06:57', '2021-12-13 23:06:56', '2021-12-13 23:06:57'),
(245, 'App\\Models\\User', 3, 'encep@gmail.com', '4542595726fc876c155a101ecfcfd750881523adc27ed6f0e6085fd58a9d6654', '[\"*\"]', '2021-12-13 23:06:58', '2021-12-13 23:06:57', '2021-12-13 23:06:58'),
(246, 'App\\Models\\User', 3, 'encep@gmail.com', 'eeab1f4d00a1985d4179b4386ddc4977d6b389ade283d05e8465d91ae2d470fe', '[\"*\"]', '2021-12-14 00:05:05', '2021-12-13 23:06:58', '2021-12-14 00:05:05'),
(247, 'App\\Models\\User', 3, 'encep@gmail.com', '93aad846fc88696effc2c1f503aec239c9736e33a9a5365837cf9bcc23ec281f', '[\"*\"]', '2021-12-14 01:12:20', '2021-12-14 00:15:13', '2021-12-14 01:12:20'),
(248, 'App\\Models\\User', 3, 'encep@gmail.com', 'cb0ad7b92dd378208b21283fa5c24a643b8e83ae44532ba5fba06184a478365f', '[\"*\"]', '2021-12-14 01:34:16', '2021-12-14 01:12:38', '2021-12-14 01:34:16'),
(249, 'App\\Models\\User', 3, 'encep@gmail.com', 'e02e7b45a95b5bf892bef5771bf9afb2c35f0465789b91dd4a36d5d74dcae972', '[\"*\"]', '2021-12-14 03:20:06', '2021-12-14 02:57:14', '2021-12-14 03:20:06'),
(250, 'App\\Models\\User', 3, 'encep@gmail.com', '0d209640c244b93b31a57773521d0807e016b4a761b33531edd5c967a0050561', '[\"*\"]', '2021-12-14 20:31:39', '2021-12-14 19:40:11', '2021-12-14 20:31:39'),
(251, 'App\\Models\\User', 3, 'encep@gmail.com', 'a8cbeb54e310ae5be8a9abe2a714496d46697f2f8ba36a0004bbfbfd4322f257', '[\"*\"]', '2021-12-14 21:33:55', '2021-12-14 21:13:31', '2021-12-14 21:33:55'),
(252, 'App\\Models\\User', 3, 'encep@gmail.com', 'd2840f58c7c3139dd3b6bb6a899847cc9224191b3c23ec562edb5ebe93d962be', '[\"*\"]', '2021-12-15 20:01:18', '2021-12-15 20:01:06', '2021-12-15 20:01:18'),
(253, 'App\\Models\\User', 3, 'encep@gmail.com', '2ea91a48ccd1e7b0a93d2ce0071d8a6115342247ffc592ec8aa0a55368344d15', '[\"*\"]', '2021-12-15 21:47:27', '2021-12-15 21:26:03', '2021-12-15 21:47:27'),
(254, 'App\\Models\\User', 3, 'encep@gmail.com', '5e1c441b5c0ffdbb8d779f70cb901f8b11d4b5cc07f33baa2410e432221b86ed', '[\"*\"]', '2021-12-15 23:26:43', '2021-12-15 22:30:58', '2021-12-15 23:26:43'),
(255, 'App\\Models\\User', 3, 'encep@gmail.com', 'e8c6d0e0866f889d3412574b402a98078e42384f238bc253e994b7ff791fcad4', '[\"*\"]', '2021-12-16 00:24:06', '2021-12-15 23:37:17', '2021-12-16 00:24:06'),
(256, 'App\\Models\\User', 3, 'encep@gmail.com', '65abbb8bcaa7e4e062d810f4baf2f5507a949da9deb007747bfc4401b248d858', '[\"*\"]', '2021-12-16 01:27:21', '2021-12-16 00:45:13', '2021-12-16 01:27:21'),
(257, 'App\\Models\\User', 3, 'encep@gmail.com', '22d437b913f9cb27b70c17f110155969fd3bd0c8b0728dcadd0ef12791253c34', '[\"*\"]', '2021-12-16 03:02:52', '2021-12-16 02:32:35', '2021-12-16 03:02:52'),
(258, 'App\\Models\\User', 3, 'encep@gmail.com', '1a1edfa1944558370044639f8aceb2b243b64b54987b7b18bf0cd9982eaaa749', '[\"*\"]', '2021-12-16 04:00:56', '2021-12-16 03:45:23', '2021-12-16 04:00:56'),
(259, 'App\\Models\\User', 3, 'encep@gmail.com', 'f660e63bd02f1096726d35bd550ffd7869ef6bacdc41261d680cfeb3f4a4477c', '[\"*\"]', '2021-12-19 21:27:22', '2021-12-19 20:28:47', '2021-12-19 21:27:22');
INSERT INTO `personal_access_tokens` (`id`, `tokenable_type`, `tokenable_id`, `name`, `token`, `abilities`, `last_used_at`, `created_at`, `updated_at`) VALUES
(260, 'App\\Models\\User', 3, 'encep@gmail.com', '89bfb2a8ca28154eee6a607bafef6497d82cefc1c97c9d613710bc259b899707', '[\"*\"]', '2021-12-19 21:36:45', '2021-12-19 21:36:32', '2021-12-19 21:36:45'),
(261, 'App\\Models\\User', 3, 'encep@gmail.com', '5785f18c8cfbb30f36ac513b746066cace6069a2cc5da1896501239324bba04b', '[\"*\"]', '2021-12-20 00:04:48', '2021-12-19 23:58:28', '2021-12-20 00:04:48'),
(262, 'App\\Models\\User', 3, 'encep@gmail.com', 'af70d9d48b3622936facb241c81a8f1f56e99766e76b4c03fbb996ce4a8764cc', '[\"*\"]', '2021-12-20 03:58:11', '2021-12-20 03:02:28', '2021-12-20 03:58:11'),
(263, 'App\\Models\\User', 3, 'encep@gmail.com', '2369954399da8d1cd0f5ff82de3725a95a0dfb92fe7766d19bb0962cad3eb87a', '[\"*\"]', '2021-12-20 20:31:16', '2021-12-20 19:57:19', '2021-12-20 20:31:16'),
(264, 'App\\Models\\User', 3, 'encep@gmail.com', '3f923b682a782608f5eeb63bd1353c8e94604785b3f7237d90ed0def4752a14d', '[\"*\"]', '2021-12-20 21:26:30', '2021-12-20 21:26:29', '2021-12-20 21:26:30'),
(265, 'App\\Models\\User', 3, 'encep@gmail.com', 'a88cc438060d39bbbf62a613043dc54117b8ca2bd1301546a96ad8b722326276', '[\"*\"]', '2021-12-21 00:31:51', '2021-12-20 23:33:36', '2021-12-21 00:31:51'),
(266, 'App\\Models\\User', 3, 'encep@gmail.com', '1eff15385fbc378d5f790cf71887ba241ef2384023aae5c81ae3784b854a52bc', '[\"*\"]', '2021-12-21 00:38:21', '2021-12-21 00:38:06', '2021-12-21 00:38:21'),
(267, 'App\\Models\\User', 3, 'encep@gmail.com', '4fa6aac92c9d7294631a20679f53297d4df3332afda72711a4d5ffba36e74a76', '[\"*\"]', '2021-12-21 20:40:31', '2021-12-21 20:05:59', '2021-12-21 20:40:31'),
(268, 'App\\Models\\User', 3, 'encep@gmail.com', '02a6183b97962b1c9551c260dd04d39438e1f51f7bb05ab208454a6d6209991a', '[\"*\"]', '2021-12-21 23:19:56', '2021-12-21 23:19:53', '2021-12-21 23:19:56'),
(269, 'App\\Models\\User', 3, 'encep@gmail.com', 'f00b6661613292b4deb0ffdd077e13fa315bacd89dfe50f07ee67aa41148b6ee', '[\"*\"]', '2021-12-22 00:50:45', '2021-12-22 00:32:22', '2021-12-22 00:50:45'),
(270, 'App\\Models\\User', 3, 'encep@gmail.com', 'c5b4076b228b841454ab81fcbf81d11c2dc2243fc418c6a68164657c9edddaed', '[\"*\"]', '2021-12-22 02:23:33', '2021-12-22 01:59:13', '2021-12-22 02:23:33'),
(271, 'App\\Models\\User', 3, 'encep@gmail.com', '598a8d406c6f9552371769ee3ea041f68894ee546ad9668cf42045d5f974b256', '[\"*\"]', '2021-12-22 20:43:11', '2021-12-22 19:55:41', '2021-12-22 20:43:11'),
(272, 'App\\Models\\User', 3, 'encep@gmail.com', 'fb5ea0a5aeda5fc79eaf303d664f7f552ca2b9d37c896af3b85c95f9925a3322', '[\"*\"]', '2021-12-22 21:54:33', '2021-12-22 21:28:37', '2021-12-22 21:54:33'),
(273, 'App\\Models\\User', 3, 'encep@gmail.com', 'a0d100af340bd5016cc9071bcedf78f6bc2086766ed6cb64e13587b7a0d24be1', '[\"*\"]', '2021-12-23 00:08:55', '2021-12-22 23:20:35', '2021-12-23 00:08:55'),
(274, 'App\\Models\\User', 3, 'encep@gmail.com', '2aced8cedd840aaac191ab7e35287af823bdc5ea85b43d9bbdb5e09ce3e7632a', '[\"*\"]', '2021-12-23 01:28:41', '2021-12-23 00:44:03', '2021-12-23 01:28:41'),
(275, 'App\\Models\\User', 3, 'encep@gmail.com', '297d984f0dd54d32368c121053c5b8412bc0cbd86ceea29728f13c37cc314c54', '[\"*\"]', '2021-12-23 02:41:09', '2021-12-23 02:26:23', '2021-12-23 02:41:09'),
(276, 'App\\Models\\User', 3, 'encep@gmail.com', 'b44ba1d01b6f948f2d5d392d2075c8258ff2b0fb6eccb4c7517bfd2037eda99d', '[\"*\"]', '2021-12-23 20:15:54', '2021-12-23 19:16:53', '2021-12-23 20:15:54'),
(277, 'App\\Models\\User', 3, 'encep@gmail.com', 'aad97f17c644b8e8ecb2613e86848d3473c832536064b6103c2364958ec72e6a', '[\"*\"]', '2021-12-23 20:43:00', '2021-12-23 20:20:07', '2021-12-23 20:43:00'),
(278, 'App\\Models\\User', 3, 'encep@gmail.com', 'ccffe1d2a42c1afd504859a78d37005be53de66875378f07ac952107557082a9', '[\"*\"]', '2021-12-23 23:53:01', '2021-12-23 23:26:19', '2021-12-23 23:53:01'),
(279, 'App\\Models\\User', 3, 'encep@gmail.com', '93f35871183cce4c127ae6210431fa03810565524a7f7e6162dab913887f5404', '[\"*\"]', '2021-12-24 01:39:25', '2021-12-24 00:40:48', '2021-12-24 01:39:25'),
(280, 'App\\Models\\User', 3, 'encep@gmail.com', 'e700e12478a69d1b5d27e47be667b54bc233d89f069f37345318bc1e5e2a65f7', '[\"*\"]', '2021-12-24 02:46:30', '2021-12-24 01:48:45', '2021-12-24 02:46:30'),
(281, 'App\\Models\\User', 3, 'encep@gmail.com', '40220f3a459eff53ad2263381d2edde880736a970aff068465b242150ab3858d', '[\"*\"]', '2021-12-24 03:29:31', '2021-12-24 03:18:54', '2021-12-24 03:29:31'),
(282, 'App\\Models\\User', 3, 'encep@gmail.com', '72c76d0da3c131e35c1d102d756fec1cb0bfb214844b5c563e7818b41fec183b', '[\"*\"]', '2021-12-26 20:37:33', '2021-12-26 19:49:26', '2021-12-26 20:37:33'),
(283, 'App\\Models\\User', 3, 'encep@gmail.com', '7212f5ec8c6b10e4c5cddad720d32873df346060df1062d5de1f20585305e8d0', '[\"*\"]', '2021-12-26 21:43:58', '2021-12-26 21:38:05', '2021-12-26 21:43:58'),
(284, 'App\\Models\\User', 3, 'encep@gmail.com', '00aa54c4811dd9d8c3ea46c52d0a03e47f2f6b9f2e61e1d56091929a0ef6655c', '[\"*\"]', '2021-12-26 23:53:12', '2021-12-26 23:47:09', '2021-12-26 23:53:12'),
(285, 'App\\Models\\User', 3, 'encep@gmail.com', 'e0806c9eb0debe03e74024812bf50017abe9a32fe92908e7ca50ab7c8e66f5b4', '[\"*\"]', '2021-12-27 00:42:01', '2021-12-26 23:51:28', '2021-12-27 00:42:01'),
(286, 'App\\Models\\User', 3, 'encep@gmail.com', '3968f9ce85fa3e091034610fe6c4d6f894f041109db26d7eb5b4a50afa959e7b', '[\"*\"]', '2021-12-27 01:19:04', '2021-12-27 00:58:16', '2021-12-27 01:19:04'),
(287, 'App\\Models\\User', 3, 'encep@gmail.com', 'b0c4b2132822cf75d834d34c8b982560b4bca617733fcde5424854c20bff87f6', '[\"*\"]', '2021-12-27 02:47:05', '2021-12-27 02:32:34', '2021-12-27 02:47:05'),
(288, 'App\\Models\\User', 3, 'encep@gmail.com', 'cabb6758ae074841dd2d3c1ec24d12b6a39b26b2726eae8108174a8e3378d9cd', '[\"*\"]', '2021-12-27 20:21:21', '2021-12-27 19:39:57', '2021-12-27 20:21:21'),
(289, 'App\\Models\\User', 3, 'encep@gmail.com', 'c9a41ef33700792191b5291c9188b849e93358303826ebb77df546b4fec1d52c', '[\"*\"]', '2021-12-27 21:43:00', '2021-12-27 20:43:49', '2021-12-27 21:43:00'),
(290, 'App\\Models\\User', 3, 'encep@gmail.com', '4bf9de9c4b724a0148d57d4c407a546b447d2cf8fea52c603941ec8e728633a1', '[\"*\"]', '2021-12-27 21:52:21', '2021-12-27 21:45:58', '2021-12-27 21:52:21'),
(291, 'App\\Models\\User', 3, 'encep@gmail.com', 'fa3e71471432e0e49cb435901900c9b240cb9db3a68a29c51c810c5941eb1d9b', '[\"*\"]', '2021-12-27 23:59:27', '2021-12-27 23:35:22', '2021-12-27 23:59:27'),
(292, 'App\\Models\\User', 3, 'encep@gmail.com', '97b94aaffc3a2b19da73045761bf87b01a0836d7671ddb5203971b5af123674f', '[\"*\"]', '2021-12-28 01:30:52', '2021-12-28 01:03:17', '2021-12-28 01:30:52'),
(293, 'App\\Models\\User', 3, 'encep@gmail.com', '0abef5db45bf330cd99ce7113373d9f7359a7716018973caa1b319c98e838f9b', '[\"*\"]', '2021-12-28 03:17:22', '2021-12-28 02:20:21', '2021-12-28 03:17:22'),
(294, 'App\\Models\\User', 3, 'encep@gmail.com', 'b80ac0c8d1268ee158481d5300543b2466918f0f1840153220316ce01377eaa7', '[\"*\"]', '2021-12-28 20:38:01', '2021-12-28 19:41:14', '2021-12-28 20:38:01'),
(295, 'App\\Models\\User', 3, 'encep@gmail.com', 'dc1b87df29292da4234cf08ade457841adad86516f5e95ffd1834f26d121e3a8', '[\"*\"]', '2021-12-28 21:18:15', '2021-12-28 21:09:07', '2021-12-28 21:18:15'),
(296, 'App\\Models\\User', 3, 'encep@gmail.com', 'f373a2d67caa82af346a18b92d1d7a8c9e340acc7f7d057798c76f07f2c337cc', '[\"*\"]', '2021-12-28 21:45:15', '2021-12-28 21:20:23', '2021-12-28 21:45:15'),
(297, 'App\\Models\\User', 3, 'encep@gmail.com', '1ba1463e5c167c959ca49ebcdc3ae1f48c28b1dded2fc1bd72cf689619f5fc09', '[\"*\"]', '2021-12-28 23:42:46', '2021-12-28 23:07:42', '2021-12-28 23:42:46'),
(298, 'App\\Models\\User', 3, 'encep@gmail.com', '3d2fd55b12bab338e337d6482592c7d2f209cedacffafb2c70a6c10cc3d388fb', '[\"*\"]', '2021-12-29 01:18:02', '2021-12-29 00:21:13', '2021-12-29 01:18:02'),
(299, 'App\\Models\\User', 3, 'encep@gmail.com', '189c31bd62a6f76599495fd8f95e26569fd5b393124e8061f835b0f3f3d19d8d', '[\"*\"]', '2021-12-29 01:10:56', '2021-12-29 01:10:10', '2021-12-29 01:10:56'),
(300, 'App\\Models\\User', 3, 'encep@gmail.com', '8ff1694b78cdc0f56fc216fc299bf462b2c025dc8f9863d6686b5c6cd89e56d1', '[\"*\"]', '2021-12-29 03:10:31', '2021-12-29 02:28:01', '2021-12-29 03:10:31'),
(301, 'App\\Models\\User', 3, 'encep@gmail.com', 'cf3d8682265dc1f6e43051da043dc4864c4af6f923dd3bbb72062b57ed268f29', '[\"*\"]', '2021-12-29 03:48:26', '2021-12-29 03:22:30', '2021-12-29 03:48:26'),
(302, 'App\\Models\\User', 3, 'encep@gmail.com', '9b0da41f61aba7543d65d58d8ceb3cc53c5c4c505a732d87c073cd7fcf2c073c', '[\"*\"]', '2021-12-29 05:12:03', '2021-12-29 04:54:45', '2021-12-29 05:12:03'),
(303, 'App\\Models\\User', 3, 'encep@gmail.com', 'ffa9584d6f74f5857cb745ca1b7f2d6ca0d891d7cfb222f6489bb33b8b68800f', '[\"*\"]', '2021-12-29 20:46:34', '2021-12-29 19:47:34', '2021-12-29 20:46:34'),
(304, 'App\\Models\\User', 3, 'encep@gmail.com', '3ff41f995e4217cce9321c5993d7a94e3cc261b8d1175cc3ddfefcef9f516697', '[\"*\"]', '2021-12-29 21:35:17', '2021-12-29 21:06:38', '2021-12-29 21:35:17'),
(305, 'App\\Models\\User', 3, 'encep@gmail.com', '8a8654703748990b6ae9f35fb84e4a02e72185e164593d01e971a8b2581fa72d', '[\"*\"]', '2021-12-30 00:21:35', '2021-12-30 00:06:21', '2021-12-30 00:21:35'),
(306, 'App\\Models\\User', 3, 'encep@gmail.com', 'a4b871f7b099932de15cb1e585fb91b5b62e46406b9b5635799f2ad61c88927e', '[\"*\"]', '2021-12-30 02:21:34', '2021-12-30 02:08:16', '2021-12-30 02:21:34'),
(307, 'App\\Models\\User', 3, 'encep@gmail.com', 'f5c786edafb8b1da526533eee5faf228e5372a416737c2f308dded1cba28b3d9', '[\"*\"]', '2021-12-30 03:13:34', '2021-12-30 03:13:33', '2021-12-30 03:13:34'),
(308, 'App\\Models\\User', 3, 'encep@gmail.com', '4a09a9ef9b71ccd3cec245d7b210f8bc2a5bd32ef80b41d81ec30f722734d888', '[\"*\"]', '2022-01-03 21:20:45', '2022-01-03 20:34:10', '2022-01-03 21:20:45'),
(309, 'App\\Models\\User', 3, 'encep@gmail.com', 'c9a7f2049dfb167e4444eab74b9ca9ada4c9bf5188b7ec7640515eb684b2c08b', '[\"*\"]', '2022-01-03 21:42:23', '2022-01-03 21:42:21', '2022-01-03 21:42:23'),
(310, 'App\\Models\\User', 3, 'encep@gmail.com', 'b4ac58c5a0e488df414930066a95197e04fc0c3abd7c0662a9269fc2e460ecde', '[\"*\"]', '2022-01-04 00:22:58', '2022-01-03 23:25:22', '2022-01-04 00:22:58'),
(311, 'App\\Models\\User', 3, 'encep@gmail.com', '92a31afbb41a0e880a3d206418faf414470750c45f7007939341af486aaf3288', '[\"*\"]', '2022-01-04 01:22:25', '2022-01-04 00:25:58', '2022-01-04 01:22:25'),
(312, 'App\\Models\\User', 3, 'encep@gmail.com', '208b9cd44d2cf7ba9833c1c3e4834c125509f74d230ad390e8d842deb5100f1f', '[\"*\"]', '2022-01-04 02:53:12', '2022-01-04 01:54:18', '2022-01-04 02:53:12'),
(313, 'App\\Models\\User', 3, 'encep@gmail.com', 'a097e46411778a2d8fcc6180fccef49d4c65bb75eb95744f8892bead2fb44313', '[\"*\"]', '2022-01-04 20:59:34', '2022-01-04 20:02:50', '2022-01-04 20:59:34'),
(314, 'App\\Models\\User', 3, 'encep@gmail.com', 'ba511f8d3c3ffae326e2cef3e007a5690b69601cc8a33eeb116366e624631fc9', '[\"*\"]', '2022-01-04 22:02:22', '2022-01-04 21:16:25', '2022-01-04 22:02:22'),
(315, 'App\\Models\\User', 3, 'encep@gmail.com', 'ef9f2e380715757a84b047ee66ae02df986c81261e10fc0a9a89cc223fd5fbc1', '[\"*\"]', '2022-01-05 00:41:49', '2022-01-04 23:46:13', '2022-01-05 00:41:49'),
(316, 'App\\Models\\User', 3, 'encep@gmail.com', '14889f5db7a9c2edd2a1ce2fc871cd5a9b49db16a1f33d7fc01f41a98733d832', '[\"*\"]', '2022-01-05 01:13:35', '2022-01-05 01:12:36', '2022-01-05 01:13:35'),
(317, 'App\\Models\\User', 3, 'encep@gmail.com', 'cb5dbf6235687a2f8152547781fb1c58c7c7cad0e6bec9b8e686b5188049f26a', '[\"*\"]', '2022-01-05 02:12:39', '2022-01-05 01:12:54', '2022-01-05 02:12:39'),
(318, 'App\\Models\\User', 3, 'encep@gmail.com', 'c71955a4bd7dd09a71f59b7391188e5540ba1626f25312825d12eb404ead6123', '[\"*\"]', '2022-01-05 02:32:30', '2022-01-05 02:25:47', '2022-01-05 02:32:30'),
(319, 'App\\Models\\User', 3, 'encep@gmail.com', '62b76547ed309011b2badba7fa3086d8de9228a1b96f241ffb091aa7f899711d', '[\"*\"]', '2022-01-05 03:40:11', '2022-01-05 03:32:58', '2022-01-05 03:40:11'),
(320, 'App\\Models\\User', 3, 'encep@gmail.com', '078442cd9fe8506323d1c5c3fd23412722e1a972f435715ac36570440cc80c19', '[\"*\"]', '2022-01-05 20:47:29', '2022-01-05 19:49:24', '2022-01-05 20:47:29'),
(321, 'App\\Models\\User', 3, 'encep@gmail.com', 'be46bc377e4e52cabf6fb0380efb484e9b444cb39a06bd1385da8ce6fa7d2d3c', '[\"*\"]', '2022-01-05 21:34:38', '2022-01-05 20:51:18', '2022-01-05 21:34:38'),
(322, 'App\\Models\\User', 3, 'encep@gmail.com', '20a127ca10257efe1dc3280e29f7c554344e4c3a076b5a9298a557356ddef8fc', '[\"*\"]', '2022-01-05 23:53:59', '2022-01-05 23:00:54', '2022-01-05 23:53:59'),
(323, 'App\\Models\\User', 3, 'encep@gmail.com', '24c311e065e49f4044f5c2b7b4f0b5067b5585112184b06a1e864a6f38afbcc0', '[\"*\"]', '2022-01-06 00:22:04', '2022-01-06 00:20:15', '2022-01-06 00:22:04'),
(324, 'App\\Models\\User', 3, 'encep@gmail.com', 'e9eab835f8b8be2d043818d29ebac3de7e4faa8c86e1d67eae44215e3021e3c5', '[\"*\"]', '2022-01-06 01:14:30', '2022-01-06 00:22:26', '2022-01-06 01:14:30'),
(325, 'App\\Models\\User', 3, 'encep@gmail.com', '33e55b33d5ed2d4c8a760780cd8606eedcd657df73a4e4f5d8d7cb5663318631', '[\"*\"]', '2022-01-06 02:10:49', '2022-01-06 01:25:44', '2022-01-06 02:10:49'),
(326, 'App\\Models\\User', 3, 'encep@gmail.com', '0d1cd02714d1282acf5e870dec6c70dd35d8c94e60c9c2e1abb6c573644cae7f', '[\"*\"]', '2022-01-06 03:01:42', '2022-01-06 03:01:33', '2022-01-06 03:01:42'),
(327, 'App\\Models\\User', 3, 'encep@gmail.com', '6ef81ba8ee7104f27d3230acd96eaa10d1f715d39bb411497d9673740d9f3083', '[\"*\"]', '2022-01-09 20:44:30', '2022-01-09 19:53:00', '2022-01-09 20:44:30'),
(328, 'App\\Models\\User', 3, 'encep@gmail.com', '72a845e84cecc522352c0cfee33b19cb06c9938b33b189bc09c562f6a92b3911', '[\"*\"]', '2022-01-09 21:57:56', '2022-01-09 21:13:58', '2022-01-09 21:57:56'),
(329, 'App\\Models\\User', 3, 'encep@gmail.com', 'c0c2567cd7d13754e32e3846bb1c4582d87ec79ef6ebb0fd00f12e9b21e87be4', '[\"*\"]', '2022-01-10 00:23:19', '2022-01-09 23:29:24', '2022-01-10 00:23:19'),
(330, 'App\\Models\\User', 3, 'encep@gmail.com', '86c183a7cec3ea45459f9d153221dac5cc4a323a4ada3e83b5578b943e08204a', '[\"*\"]', '2022-01-10 00:52:35', '2022-01-10 00:36:13', '2022-01-10 00:52:35'),
(331, 'App\\Models\\User', 3, 'encep@gmail.com', '79f30d45270035caed334d74b1d6c2018c84c764f654a1acc8e9b4bfac0c6020', '[\"*\"]', '2022-01-10 01:12:30', '2022-01-10 01:05:39', '2022-01-10 01:12:30'),
(332, 'App\\Models\\User', 3, 'encep@gmail.com', '59c75b81f6547d4a36095ebf20984e0a7e5c6a32ab869f813198bd0f5caf8cbf', '[\"*\"]', '2022-01-10 02:11:02', '2022-01-10 02:10:23', '2022-01-10 02:11:02'),
(333, 'App\\Models\\User', 3, 'encep@gmail.com', 'e0c959301fe1c992ed669b5b96dcb2207f328d651759900abba6c6dcf59aef04', '[\"*\"]', '2022-01-10 03:51:26', '2022-01-10 03:51:24', '2022-01-10 03:51:26'),
(334, 'App\\Models\\User', 3, 'encep@gmail.com', '1db3eac98f5195393050f38d10587b26d7f3434e6970dcedb9ad1fdc9b5bdeb4', '[\"*\"]', '2022-01-10 03:51:41', '2022-01-10 03:51:40', '2022-01-10 03:51:41');

-- --------------------------------------------------------

--
-- Struktur dari tabel `polyclinics`
--

CREATE TABLE `polyclinics` (
  `id` bigint(20) UNSIGNED NOT NULL,
  `name` varchar(255) COLLATE utf8mb4_unicode_ci NOT NULL,
  `type_id` bigint(20) UNSIGNED NOT NULL,
  `created_at` timestamp NULL DEFAULT NULL,
  `updated_at` timestamp NULL DEFAULT NULL
) ENGINE=InnoDB DEFAULT CHARSET=utf8mb4 COLLATE=utf8mb4_unicode_ci;

--
-- Dumping data untuk tabel `polyclinics`
--

INSERT INTO `polyclinics` (`id`, `name`, `type_id`, `created_at`, `updated_at`) VALUES
(1, 'sdhfioi', 1, NULL, NULL),
(2, 'dfkj', 1, NULL, NULL),
(3, 'dsfdsf', 2, NULL, NULL),
(4, 'fsdf', 1, '2021-10-25 03:07:19', '2021-10-25 03:07:19'),
(5, 'iiii', 1, '2021-10-25 03:07:30', '2021-10-25 03:07:30');

-- --------------------------------------------------------

--
-- Struktur dari tabel `polyclinic_examination_actions`
--

CREATE TABLE `polyclinic_examination_actions` (
  `polyclinic_id` bigint(20) UNSIGNED NOT NULL,
  `examination_action_id` bigint(20) UNSIGNED NOT NULL,
  `created_at` timestamp NULL DEFAULT NULL,
  `updated_at` timestamp NULL DEFAULT NULL
) ENGINE=InnoDB DEFAULT CHARSET=utf8mb4 COLLATE=utf8mb4_unicode_ci;

-- --------------------------------------------------------

--
-- Struktur dari tabel `polyclinic_rooms`
--

CREATE TABLE `polyclinic_rooms` (
  `id` bigint(20) UNSIGNED NOT NULL,
  `polyclinic_id` bigint(20) UNSIGNED NOT NULL,
  `name` varchar(255) COLLATE utf8mb4_unicode_ci NOT NULL,
  `type` varchar(255) COLLATE utf8mb4_unicode_ci NOT NULL,
  `grade_id` bigint(20) UNSIGNED NOT NULL,
  `created_at` timestamp NULL DEFAULT NULL,
  `updated_at` timestamp NULL DEFAULT NULL
) ENGINE=InnoDB DEFAULT CHARSET=utf8mb4 COLLATE=utf8mb4_unicode_ci;

--
-- Dumping data untuk tabel `polyclinic_rooms`
--

INSERT INTO `polyclinic_rooms` (`id`, `polyclinic_id`, `name`, `type`, `grade_id`, `created_at`, `updated_at`) VALUES
(4, 2, 'dsfsd', 'Biasa', 4, '2021-10-25 01:52:50', '2021-10-25 01:52:50'),
(5, 2, 'kjkjk', 'Biasa', 5, '2021-11-03 21:37:12', '2021-11-03 21:37:12'),
(6, 2, 'uiii', 'Biasa', 2, '2021-11-03 23:42:38', '2021-11-03 23:42:38'),
(7, 3, 'kjjlllll', 'ICU', 4, '2021-11-03 23:43:39', '2021-11-03 23:43:39'),
(8, 3, 'ggggggg', 'Biasa', 4, '2021-11-03 23:58:35', '2021-11-03 23:58:35'),
(9, 2, 'kkkkkk', 'ICU', 4, '2021-11-04 03:01:33', '2021-11-04 03:01:33'),
(10, 3, 'uiiii', 'Biasa', 3, '2021-11-04 03:10:21', '2021-11-04 03:10:21'),
(11, 3, 'uiiii', 'Biasa', 3, '2021-11-04 03:10:29', '2021-11-04 03:10:29'),
(12, 2, 'kjll', 'Biasa', 3, '2021-11-05 23:43:40', '2021-11-05 23:43:40'),
(13, 2, 'kjll', 'Biasa', 3, '2021-11-05 23:43:52', '2021-11-05 23:43:52'),
(14, 2, 'kjll', 'Biasa', 3, '2021-11-05 23:52:08', '2021-11-05 23:52:08'),
(15, 2, 'kjll', 'Biasa', 3, '2021-11-05 23:52:17', '2021-11-05 23:52:17');

-- --------------------------------------------------------

--
-- Struktur dari tabel `prinatologist_services`
--

CREATE TABLE `prinatologist_services` (
  `id` bigint(20) UNSIGNED NOT NULL,
  `service_uuid` char(36) COLLATE utf8mb4_unicode_ci NOT NULL,
  `treatment_id` bigint(20) UNSIGNED NOT NULL,
  `treatment_type` varchar(255) COLLATE utf8mb4_unicode_ci NOT NULL,
  `medical_activity_id` bigint(20) UNSIGNED NOT NULL,
  `amount` int(11) NOT NULL DEFAULT 1,
  `treatment_time` datetime NOT NULL,
  `officer_id` bigint(20) UNSIGNED NOT NULL,
  `created_at` timestamp NULL DEFAULT NULL,
  `updated_at` timestamp NULL DEFAULT NULL
) ENGINE=InnoDB DEFAULT CHARSET=utf8mb4 COLLATE=utf8mb4_unicode_ci;

-- --------------------------------------------------------

--
-- Struktur dari tabel `provinces`
--

CREATE TABLE `provinces` (
  `id` bigint(20) UNSIGNED NOT NULL,
  `name` varchar(255) COLLATE utf8mb4_unicode_ci DEFAULT NULL,
  `created_at` timestamp NULL DEFAULT NULL,
  `updated_at` timestamp NULL DEFAULT NULL
) ENGINE=InnoDB DEFAULT CHARSET=utf8mb4 COLLATE=utf8mb4_unicode_ci;

--
-- Dumping data untuk tabel `provinces`
--

INSERT INTO `provinces` (`id`, `name`, `created_at`, `updated_at`) VALUES
(1, 'Jawa Barat', NULL, NULL),
(2, 'Jawa Tengah', NULL, NULL),
(3, 'DKI Jakarta', NULL, NULL);

-- --------------------------------------------------------

--
-- Struktur dari tabel `qualifications`
--

CREATE TABLE `qualifications` (
  `id` bigint(20) UNSIGNED NOT NULL,
  `category_id` bigint(20) UNSIGNED NOT NULL,
  `description` varchar(255) COLLATE utf8mb4_unicode_ci NOT NULL,
  `created_at` timestamp NULL DEFAULT NULL,
  `updated_at` timestamp NULL DEFAULT NULL
) ENGINE=InnoDB DEFAULT CHARSET=utf8mb4 COLLATE=utf8mb4_unicode_ci;

--
-- Dumping data untuk tabel `qualifications`
--

INSERT INTO `qualifications` (`id`, `category_id`, `description`, `created_at`, `updated_at`) VALUES
(1, 1, 'sdf', '2021-10-21 02:47:42', '2021-10-21 02:47:42'),
(2, 1, 'sdfsg', '2021-10-21 02:49:47', '2021-10-21 02:49:47'),
(3, 1, 'uii', '2021-10-24 21:24:04', '2021-10-24 21:24:04');

-- --------------------------------------------------------

--
-- Struktur dari tabel `qualification_categories`
--

CREATE TABLE `qualification_categories` (
  `id` bigint(20) UNSIGNED NOT NULL,
  `description` varchar(255) COLLATE utf8mb4_unicode_ci NOT NULL,
  `medical_personnel` tinyint(1) NOT NULL DEFAULT 0,
  `created_at` timestamp NULL DEFAULT NULL,
  `updated_at` timestamp NULL DEFAULT NULL
) ENGINE=InnoDB DEFAULT CHARSET=utf8mb4 COLLATE=utf8mb4_unicode_ci;

--
-- Dumping data untuk tabel `qualification_categories`
--

INSERT INTO `qualification_categories` (`id`, `description`, `medical_personnel`, `created_at`, `updated_at`) VALUES
(1, 'dsf', 1, '2021-10-21 02:45:44', '2021-10-21 02:45:44'),
(2, 'sdf', 1, '2021-10-24 21:23:17', '2021-10-24 21:23:17');

-- --------------------------------------------------------

--
-- Struktur dari tabel `receptions`
--

CREATE TABLE `receptions` (
  `id` bigint(20) UNSIGNED NOT NULL,
  `supplier_id` bigint(20) UNSIGNED NOT NULL,
  `payment_method_id` bigint(20) UNSIGNED NOT NULL,
  `invoice_number` varchar(255) COLLATE utf8mb4_unicode_ci NOT NULL,
  `invoice_date` date NOT NULL,
  `due_date` date NOT NULL,
  `receipt_date` date NOT NULL,
  `created_at` timestamp NULL DEFAULT NULL,
  `updated_at` timestamp NULL DEFAULT NULL
) ENGINE=InnoDB DEFAULT CHARSET=utf8mb4 COLLATE=utf8mb4_unicode_ci;

-- --------------------------------------------------------

--
-- Struktur dari tabel `recipe_detail_services`
--

CREATE TABLE `recipe_detail_services` (
  `id` bigint(20) UNSIGNED NOT NULL,
  `recipe_id` bigint(20) UNSIGNED NOT NULL,
  `medicine_id` bigint(20) UNSIGNED NOT NULL,
  `amount` int(11) NOT NULL DEFAULT 1,
  `rules` varchar(255) COLLATE utf8mb4_unicode_ci NOT NULL,
  `treatment_time` datetime NOT NULL,
  `office_id` bigint(20) UNSIGNED NOT NULL,
  `created_at` timestamp NULL DEFAULT NULL,
  `updated_at` timestamp NULL DEFAULT NULL
) ENGINE=InnoDB DEFAULT CHARSET=utf8mb4 COLLATE=utf8mb4_unicode_ci;

--
-- Dumping data untuk tabel `recipe_detail_services`
--

INSERT INTO `recipe_detail_services` (`id`, `recipe_id`, `medicine_id`, `amount`, `rules`, `treatment_time`, `office_id`, `created_at`, `updated_at`) VALUES
(1, 1, 2, 1, '3 kali sehari', '2021-12-03 05:22:27', 2, NULL, NULL),
(3, 1, 2, 3, '3 kali sehari', '2021-12-03 00:00:00', 3, '2021-12-03 02:01:57', '2021-12-03 02:01:57'),
(4, 1, 2, 3, '3 kali sehari', '2021-12-03 00:00:00', 3, '2021-12-03 02:02:07', '2021-12-03 02:02:07'),
(5, 1, 2, 3, '3 kali sehari', '2021-12-04 00:00:00', 1, '2021-12-03 02:06:39', '2021-12-03 02:06:39'),
(6, 1, 2, 4, '2 kali sehari', '2021-12-04 00:00:00', 1, '2021-12-03 02:26:25', '2021-12-03 02:26:25'),
(7, 1, 2, 3, '1 kali sehari', '2021-12-03 00:00:00', 1, '2021-12-03 02:27:25', '2021-12-03 02:27:25'),
(8, 1, 2, 12, '3 kali sehari', '2021-12-06 00:00:00', 1, '2021-12-05 20:08:51', '2021-12-05 20:08:51'),
(9, 1, 2, 3, '3 kali sehari', '2021-12-09 00:00:00', 1, '2021-12-06 20:15:52', '2021-12-06 20:15:52'),
(10, 1, 2, 3, '3 kali seminggu', '2021-12-07 00:00:00', 1, '2021-12-07 02:30:00', '2021-12-07 02:30:00'),
(12, 1, 2, 7, '1 kali 1 tahun', '2021-12-09 00:00:00', 1, '2021-12-07 03:27:42', '2021-12-07 03:27:42'),
(13, 1, 2, 7, '1 kali 1 tahun', '2021-12-10 00:00:00', 2, '2021-12-07 03:28:37', '2021-12-07 03:28:37');

-- --------------------------------------------------------

--
-- Struktur dari tabel `recipe_services`
--

CREATE TABLE `recipe_services` (
  `id` bigint(20) UNSIGNED NOT NULL,
  `service_uuid` char(36) COLLATE utf8mb4_unicode_ci NOT NULL,
  `treatment_id` int(10) UNSIGNED NOT NULL,
  `treatment_type` varchar(255) COLLATE utf8mb4_unicode_ci NOT NULL,
  `created_at` timestamp NULL DEFAULT NULL,
  `updated_at` timestamp NULL DEFAULT NULL
) ENGINE=InnoDB DEFAULT CHARSET=utf8mb4 COLLATE=utf8mb4_unicode_ci;

--
-- Dumping data untuk tabel `recipe_services`
--

INSERT INTO `recipe_services` (`id`, `service_uuid`, `treatment_id`, `treatment_type`, `created_at`, `updated_at`) VALUES
(1, '', 1, 'app/model/gg', NULL, NULL);

-- --------------------------------------------------------

--
-- Struktur dari tabel `regencies`
--

CREATE TABLE `regencies` (
  `id` bigint(20) UNSIGNED NOT NULL,
  `province_id` bigint(20) UNSIGNED NOT NULL,
  `name` varchar(255) COLLATE utf8mb4_unicode_ci DEFAULT NULL,
  `created_at` timestamp NULL DEFAULT NULL,
  `updated_at` timestamp NULL DEFAULT NULL
) ENGINE=InnoDB DEFAULT CHARSET=utf8mb4 COLLATE=utf8mb4_unicode_ci;

-- --------------------------------------------------------

--
-- Struktur dari tabel `role_with_users`
--

CREATE TABLE `role_with_users` (
  `role_id` bigint(20) UNSIGNED NOT NULL,
  `user_id` bigint(20) UNSIGNED NOT NULL,
  `created_at` timestamp NULL DEFAULT NULL,
  `updated_at` timestamp NULL DEFAULT NULL
) ENGINE=InnoDB DEFAULT CHARSET=utf8mb4 COLLATE=utf8mb4_unicode_ci;

--
-- Dumping data untuk tabel `role_with_users`
--

INSERT INTO `role_with_users` (`role_id`, `user_id`, `created_at`, `updated_at`) VALUES
(1, 1, '2021-09-20 03:14:08', '2021-09-20 03:14:08'),
(1, 3, '2021-09-20 03:14:08', '2021-09-20 03:14:08'),
(1, 2, '2021-09-20 03:14:08', '2021-09-20 03:14:08');

-- --------------------------------------------------------

--
-- Struktur dari tabel `rooms`
--

CREATE TABLE `rooms` (
  `id` bigint(20) UNSIGNED NOT NULL,
  `polyclinic_room_id` bigint(20) UNSIGNED NOT NULL,
  `name` varchar(255) COLLATE utf8mb4_unicode_ci NOT NULL,
  `created_at` timestamp NULL DEFAULT NULL,
  `updated_at` timestamp NULL DEFAULT NULL
) ENGINE=InnoDB DEFAULT CHARSET=utf8mb4 COLLATE=utf8mb4_unicode_ci;

--
-- Dumping data untuk tabel `rooms`
--

INSERT INTO `rooms` (`id`, `polyclinic_room_id`, `name`, `created_at`, `updated_at`) VALUES
(1, 4, 'dd', '2021-10-25 02:28:16', '2021-10-25 02:28:16');

-- --------------------------------------------------------

--
-- Struktur dari tabel `room_beds`
--

CREATE TABLE `room_beds` (
  `id` bigint(20) UNSIGNED NOT NULL,
  `room_id` bigint(20) UNSIGNED NOT NULL,
  `bed_total` int(11) NOT NULL,
  `created_at` timestamp NULL DEFAULT NULL,
  `updated_at` timestamp NULL DEFAULT NULL
) ENGINE=InnoDB DEFAULT CHARSET=utf8mb4 COLLATE=utf8mb4_unicode_ci;

--
-- Dumping data untuk tabel `room_beds`
--

INSERT INTO `room_beds` (`id`, `room_id`, `bed_total`, `created_at`, `updated_at`) VALUES
(1, 1, 1, '2021-10-25 02:48:27', '2021-10-25 02:48:27');

-- --------------------------------------------------------

--
-- Struktur dari tabel `room_services`
--

CREATE TABLE `room_services` (
  `id` bigint(20) UNSIGNED NOT NULL,
  `service_uuid` char(36) COLLATE utf8mb4_unicode_ci NOT NULL,
  `treatment_id` bigint(20) UNSIGNED NOT NULL,
  `treatment_type` varchar(255) COLLATE utf8mb4_unicode_ci NOT NULL,
  `room_bed_id` bigint(20) UNSIGNED NOT NULL,
  `entry_time` datetime NOT NULL,
  `exit_time` datetime DEFAULT NULL,
  `created_at` timestamp NULL DEFAULT NULL,
  `updated_at` timestamp NULL DEFAULT NULL
) ENGINE=InnoDB DEFAULT CHARSET=utf8mb4 COLLATE=utf8mb4_unicode_ci;

-- --------------------------------------------------------

--
-- Struktur dari tabel `suppliers`
--

CREATE TABLE `suppliers` (
  `id` bigint(20) UNSIGNED NOT NULL,
  `name` varchar(255) COLLATE utf8mb4_unicode_ci NOT NULL,
  `address` text COLLATE utf8mb4_unicode_ci NOT NULL,
  `phone_number` varchar(255) COLLATE utf8mb4_unicode_ci NOT NULL,
  `created_at` timestamp NULL DEFAULT NULL,
  `updated_at` timestamp NULL DEFAULT NULL
) ENGINE=InnoDB DEFAULT CHARSET=utf8mb4 COLLATE=utf8mb4_unicode_ci;

--
-- Dumping data untuk tabel `suppliers`
--

INSERT INTO `suppliers` (`id`, `name`, `address`, `phone_number`, `created_at`, `updated_at`) VALUES
(1, 'pt jj', 'jl buah naga', '8098080', '2021-10-31 20:54:46', '2021-10-31 20:54:46');

-- --------------------------------------------------------

--
-- Struktur dari tabel `support_action_services`
--

CREATE TABLE `support_action_services` (
  `id` bigint(20) UNSIGNED NOT NULL,
  `service_uuid` char(36) COLLATE utf8mb4_unicode_ci NOT NULL,
  `support_id` bigint(20) UNSIGNED NOT NULL,
  `action_id` bigint(20) UNSIGNED NOT NULL,
  `action_type` varchar(255) COLLATE utf8mb4_unicode_ci NOT NULL,
  `action_time` datetime NOT NULL,
  `amount` int(11) NOT NULL DEFAULT 1,
  `note` varchar(255) COLLATE utf8mb4_unicode_ci DEFAULT NULL,
  `officer_id` bigint(20) UNSIGNED NOT NULL,
  `created_at` timestamp NULL DEFAULT NULL,
  `updated_at` timestamp NULL DEFAULT NULL
) ENGINE=InnoDB DEFAULT CHARSET=utf8mb4 COLLATE=utf8mb4_unicode_ci;

-- --------------------------------------------------------

--
-- Struktur dari tabel `support_services`
--

CREATE TABLE `support_services` (
  `id` bigint(20) UNSIGNED NOT NULL,
  `service_uuid` char(36) COLLATE utf8mb4_unicode_ci NOT NULL,
  `treatment_id` bigint(20) UNSIGNED NOT NULL,
  `treatment_type` varchar(255) COLLATE utf8mb4_unicode_ci NOT NULL,
  `polyclinic_id` bigint(20) UNSIGNED NOT NULL,
  `treatment_time` datetime NOT NULL,
  `type` varchar(20) COLLATE utf8mb4_unicode_ci NOT NULL,
  `note` text COLLATE utf8mb4_unicode_ci DEFAULT NULL,
  `created_at` timestamp NULL DEFAULT NULL,
  `updated_at` timestamp NULL DEFAULT NULL
) ENGINE=InnoDB DEFAULT CHARSET=utf8mb4 COLLATE=utf8mb4_unicode_ci;

--
-- Dumping data untuk tabel `support_services`
--

INSERT INTO `support_services` (`id`, `service_uuid`, `treatment_id`, `treatment_type`, `polyclinic_id`, `treatment_time`, `type`, `note`, `created_at`, `updated_at`) VALUES
(1, '', 1, 'jenis pengobatan', 5, '2021-11-24 10:01:13', '', 'gggg hhh hkjhjk', NULL, NULL),
(2, '0835ac15-1a7e-4712-b7d0-68a7878010b0', 2, 'null', 4, '2021-11-09 00:00:00', 'Operasi', 'fgfdgfd', '2021-11-30 00:48:10', '2021-11-30 00:48:10'),
(3, 'a64cdcf3-356f-4744-abc2-8b330102917c', 1, 'null', 4, '2021-11-03 00:00:00', 'Operasi', 'jkhj sd sd fs fddd', '2021-11-30 03:07:33', '2021-11-30 03:07:33'),
(4, '40fee15a-c1f2-46ec-b342-23e3639335b3', 2, 'null', 2, '2021-12-10 00:00:00', 'Radiologi', 'sdsa', '2021-12-08 05:58:35', '2021-12-08 05:58:35'),
(5, 'e7f71360-2eb9-45f7-a8fd-c33dd2bbe2d4', 1, 'null', 2, '2021-12-09 00:00:00', 'Rehabilitasi Medik', 'sds', '2021-12-09 01:57:35', '2021-12-09 01:57:35');

-- --------------------------------------------------------

--
-- Struktur dari tabel `treatment_services`
--

CREATE TABLE `treatment_services` (
  `id` bigint(20) UNSIGNED NOT NULL,
  `service_uuid` char(36) COLLATE utf8mb4_unicode_ci NOT NULL,
  `treatment_id` bigint(20) UNSIGNED NOT NULL,
  `treatment_type` varchar(255) COLLATE utf8mb4_unicode_ci NOT NULL,
  `special_treatment_id` bigint(20) UNSIGNED NOT NULL,
  `treatment_time` datetime NOT NULL,
  `amount` int(11) NOT NULL,
  `officer_id` bigint(20) UNSIGNED NOT NULL,
  `created_at` timestamp NULL DEFAULT NULL,
  `updated_at` timestamp NULL DEFAULT NULL
) ENGINE=InnoDB DEFAULT CHARSET=utf8mb4 COLLATE=utf8mb4_unicode_ci;

-- --------------------------------------------------------

--
-- Struktur dari tabel `users`
--

CREATE TABLE `users` (
  `id` bigint(20) UNSIGNED NOT NULL,
  `uuid` char(36) COLLATE utf8mb4_unicode_ci NOT NULL,
  `name` varchar(255) COLLATE utf8mb4_unicode_ci NOT NULL,
  `username` varchar(255) COLLATE utf8mb4_unicode_ci NOT NULL,
  `address` longtext COLLATE utf8mb4_unicode_ci NOT NULL,
  `phone` varchar(20) COLLATE utf8mb4_unicode_ci NOT NULL,
  `email` varchar(150) COLLATE utf8mb4_unicode_ci NOT NULL,
  `email_verified_at` timestamp NULL DEFAULT NULL,
  `password` varchar(255) COLLATE utf8mb4_unicode_ci NOT NULL,
  `status` tinyint(4) NOT NULL DEFAULT 0,
  `api_token` varchar(60) COLLATE utf8mb4_unicode_ci DEFAULT NULL,
  `remember_token` varchar(100) COLLATE utf8mb4_unicode_ci DEFAULT NULL,
  `created_at` timestamp NULL DEFAULT NULL,
  `updated_at` timestamp NULL DEFAULT NULL
) ENGINE=InnoDB DEFAULT CHARSET=utf8mb4 COLLATE=utf8mb4_unicode_ci;

--
-- Dumping data untuk tabel `users`
--

INSERT INTO `users` (`id`, `uuid`, `name`, `username`, `address`, `phone`, `email`, `email_verified_at`, `password`, `status`, `api_token`, `remember_token`, `created_at`, `updated_at`) VALUES
(1, '1', 'Icksan N', 'icksann', 'Jl', '6283822145705', 'icksannugrahaa@gmail.com', '2021-09-20 10:12:43', '$2y$10$Gmplr9xzcEKXdY5314XMfOC68iEmcde468LDbRekLuJpCeTFVTIEa', 1, NULL, NULL, NULL, '2021-09-26 07:31:33'),
(2, '09398467-ead8-4df2-baaf-fea457632656', 'Super User', 'superuser', 'Jl. Cijagra gang 4 no 40', '6283822145706', 'su@gmail.com', NULL, '$2y$10$Gmplr9xzcEKXdY5314XMfOC68iEmcde468LDbRekLuJpCeTFVTIEa', 1, NULL, NULL, '2021-09-20 20:20:42', '2021-09-28 03:06:30'),
(3, '4609387e-fce9-4bed-99b0-86c723a809f6', 'Encep Ikhwans', 'pecne', 'Jl. Cijagra gang 4 no 40', '62828192929213', 'encep@gmail.com', NULL, '$2y$10$Dtqp5sTKVRwCrMHlu2nJMu/JrHpT1DBwNuEI9egu1NlHRg49SB7ZK', 1, NULL, NULL, '2021-09-28 03:12:58', '2021-09-28 03:13:13');

-- --------------------------------------------------------

--
-- Struktur dari tabel `villages`
--

CREATE TABLE `villages` (
  `id` bigint(20) UNSIGNED NOT NULL,
  `district_id` bigint(20) UNSIGNED NOT NULL,
  `name` varchar(255) COLLATE utf8mb4_unicode_ci DEFAULT NULL,
  `created_at` timestamp NULL DEFAULT NULL,
  `updated_at` timestamp NULL DEFAULT NULL
) ENGINE=InnoDB DEFAULT CHARSET=utf8mb4 COLLATE=utf8mb4_unicode_ci;

-- --------------------------------------------------------

--
-- Struktur dari tabel `visits`
--

CREATE TABLE `visits` (
  `id` bigint(20) UNSIGNED NOT NULL,
  `visit_in` datetime NOT NULL,
  `visit_out` datetime DEFAULT NULL,
  `visit_number` varchar(255) COLLATE utf8mb4_unicode_ci DEFAULT NULL,
  `patient_id` bigint(20) UNSIGNED NOT NULL,
  `case_id` bigint(20) UNSIGNED DEFAULT NULL,
  `disease_id` bigint(20) UNSIGNED DEFAULT NULL,
  `reference_type_id` bigint(20) UNSIGNED DEFAULT NULL,
  `origin_reference` varchar(255) COLLATE utf8mb4_unicode_ci DEFAULT NULL,
  `reference_number` varchar(255) COLLATE utf8mb4_unicode_ci DEFAULT NULL,
  `reference_date` date DEFAULT NULL,
  `pj_name` varchar(255) COLLATE utf8mb4_unicode_ci DEFAULT NULL,
  `pj_phone_number` varchar(255) COLLATE utf8mb4_unicode_ci DEFAULT NULL,
  `payment_method_id` bigint(20) UNSIGNED DEFAULT NULL,
  `sjp_number` varchar(255) COLLATE utf8mb4_unicode_ci DEFAULT NULL,
  `sjp_date` date DEFAULT NULL,
  `created_at` timestamp NULL DEFAULT NULL,
  `updated_at` timestamp NULL DEFAULT NULL
) ENGINE=InnoDB DEFAULT CHARSET=utf8mb4 COLLATE=utf8mb4_unicode_ci;

--
-- Dumping data untuk tabel `visits`
--

INSERT INTO `visits` (`id`, `visit_in`, `visit_out`, `visit_number`, `patient_id`, `case_id`, `disease_id`, `reference_type_id`, `origin_reference`, `reference_number`, `reference_date`, `pj_name`, `pj_phone_number`, `payment_method_id`, `sjp_number`, `sjp_date`, `created_at`, `updated_at`) VALUES
(1, '2021-10-19 00:00:00', NULL, '890809', 1, 1, NULL, 1, 'hjhk', '98080', '2021-10-25', 'dg', '879979', 1, '89789', '2021-10-25', '2021-10-24 23:16:36', '2021-10-24 23:16:36'),
(2, '2021-11-02 00:00:00', NULL, '90880', 2, 1, NULL, 2, 'puskesmas cinunuk', '90808', '2021-11-02', 'uum', '9879877', 2, '08908790', '2021-11-02', '2021-11-01 21:04:24', '2021-11-01 21:04:24');

-- --------------------------------------------------------

--
-- Struktur dari tabel `visit_services`
--

CREATE TABLE `visit_services` (
  `id` bigint(20) UNSIGNED NOT NULL,
  `service_uuid` char(36) COLLATE utf8mb4_unicode_ci NOT NULL,
  `treatment_id` bigint(20) UNSIGNED NOT NULL,
  `treatment_type` varchar(255) COLLATE utf8mb4_unicode_ci NOT NULL,
  `visit_type_id` bigint(20) UNSIGNED NOT NULL,
  `treatment_time` datetime NOT NULL,
  `officer_id` bigint(20) UNSIGNED NOT NULL,
  `created_at` timestamp NULL DEFAULT NULL,
  `updated_at` timestamp NULL DEFAULT NULL
) ENGINE=InnoDB DEFAULT CHARSET=utf8mb4 COLLATE=utf8mb4_unicode_ci;

--
-- Dumping data untuk tabel `visit_services`
--

INSERT INTO `visit_services` (`id`, `service_uuid`, `treatment_id`, `treatment_type`, `visit_type_id`, `treatment_time`, `officer_id`, `created_at`, `updated_at`) VALUES
(1, '', 1, 'cdfdfdf2', 1, '2021-11-15 08:44:42', 3, NULL, NULL),
(2, '', 2, 'ff gg hh', 1, '2021-11-15 10:30:55', 1, NULL, NULL);

--
-- Indexes for dumped tables
--

--
-- Indeks untuk tabel `action_services`
--
ALTER TABLE `action_services`
  ADD PRIMARY KEY (`id`),
  ADD KEY `action_services_officer_id_foreign` (`officer_id`),
  ADD KEY `action_services_examination_action_id_foreign` (`examination_action_id`);

--
-- Indeks untuk tabel `diagnostic_services`
--
ALTER TABLE `diagnostic_services`
  ADD PRIMARY KEY (`id`),
  ADD KEY `diagnostic_services_disease_id_foreign` (`disease_id`),
  ADD KEY `diagnostic_services_diagnostic_type_id_foreign` (`diagnostic_type_id`),
  ADD KEY `diagnostic_services_officer_id_foreign` (`officer_id`);

--
-- Indeks untuk tabel `districts`
--
ALTER TABLE `districts`
  ADD PRIMARY KEY (`id`),
  ADD KEY `districts_regency_id_foreign` (`regency_id`);

--
-- Indeks untuk tabel `emergency_patients`
--
ALTER TABLE `emergency_patients`
  ADD PRIMARY KEY (`id`),
  ADD KEY `emergency_patients_medical_activity_id_foreign` (`medical_activity_id`),
  ADD KEY `emergency_patients_polyclinic_id_foreign` (`polyclinic_id`);

--
-- Indeks untuk tabel `employees`
--
ALTER TABLE `employees`
  ADD PRIMARY KEY (`id`),
  ADD KEY `employees_position_id_foreign` (`position_id`),
  ADD KEY `employees_qualification_id_foreign` (`qualification_id`);

--
-- Indeks untuk tabel `examintaion_services`
--
ALTER TABLE `examintaion_services`
  ADD PRIMARY KEY (`id`),
  ADD KEY `examintaion_services_general_examination_id_foreign` (`general_examination_id`),
  ADD KEY `examintaion_services_officer_id_foreign` (`officer_id`);

--
-- Indeks untuk tabel `failed_jobs`
--
ALTER TABLE `failed_jobs`
  ADD PRIMARY KEY (`id`),
  ADD UNIQUE KEY `failed_jobs_uuid_unique` (`uuid`);

--
-- Indeks untuk tabel `images`
--
ALTER TABLE `images`
  ADD PRIMARY KEY (`id`);

--
-- Indeks untuk tabel `in_patients`
--
ALTER TABLE `in_patients`
  ADD PRIMARY KEY (`id`),
  ADD KEY `in_patients_room_bed_id_foreign` (`room_bed_id`),
  ADD KEY `in_patients_medical_activity_id_foreign` (`medical_activity_id`);

--
-- Indeks untuk tabel `laundry_services`
--
ALTER TABLE `laundry_services`
  ADD PRIMARY KEY (`id`),
  ADD KEY `laundry_services_laundry_type_id_foreign` (`laundry_type_id`);

--
-- Indeks untuk tabel `logistics`
--
ALTER TABLE `logistics`
  ADD PRIMARY KEY (`id`),
  ADD KEY `logistics_type_id_foreign` (`type_id`),
  ADD KEY `logistics_unit_id_foreign` (`unit_id`);

--
-- Indeks untuk tabel `logistic_transactions`
--
ALTER TABLE `logistic_transactions`
  ADD PRIMARY KEY (`id`),
  ADD KEY `logistic_transactions_reception_id_foreign` (`reception_id`),
  ADD KEY `logistic_transactions_polyclinic_id_foreign` (`polyclinic_id`),
  ADD KEY `logistic_transactions_logistic_id_foreign` (`logistic_id`);

--
-- Indeks untuk tabel `log_activities`
--
ALTER TABLE `log_activities`
  ADD PRIMARY KEY (`id`),
  ADD KEY `log_activities_user_id_foreign` (`user_id`);

--
-- Indeks untuk tabel `menu_with_roles`
--
ALTER TABLE `menu_with_roles`
  ADD KEY `menu_with_roles_role_id_foreign` (`role_id`),
  ADD KEY `menu_with_roles_menu_id_foreign` (`menu_id`);

--
-- Indeks untuk tabel `mid_wife_services`
--
ALTER TABLE `mid_wife_services`
  ADD PRIMARY KEY (`id`),
  ADD KEY `mid_wife_services_officer_id_foreign` (`officer_id`),
  ADD KEY `mid_wife_services_medical_activity_id_foreign` (`medical_activity_id`);

--
-- Indeks untuk tabel `migrations`
--
ALTER TABLE `migrations`
  ADD PRIMARY KEY (`id`);

--
-- Indeks untuk tabel `m_agamas`
--
ALTER TABLE `m_agamas`
  ADD PRIMARY KEY (`id`);

--
-- Indeks untuk tabel `m_case_types`
--
ALTER TABLE `m_case_types`
  ADD PRIMARY KEY (`id`);

--
-- Indeks untuk tabel `m_corpse_examinations`
--
ALTER TABLE `m_corpse_examinations`
  ADD PRIMARY KEY (`id`);

--
-- Indeks untuk tabel `m_diagnosis_types`
--
ALTER TABLE `m_diagnosis_types`
  ADD PRIMARY KEY (`id`);

--
-- Indeks untuk tabel `m_diseases`
--
ALTER TABLE `m_diseases`
  ADD PRIMARY KEY (`id`),
  ADD UNIQUE KEY `m_diseases_icd_unique` (`icd`),
  ADD KEY `m_diseases_group_id_foreign` (`group_id`);

--
-- Indeks untuk tabel `m_disease_classifications`
--
ALTER TABLE `m_disease_classifications`
  ADD PRIMARY KEY (`id`);

--
-- Indeks untuk tabel `m_disease_groups`
--
ALTER TABLE `m_disease_groups`
  ADD PRIMARY KEY (`id`),
  ADD UNIQUE KEY `m_disease_groups_icd_unique` (`icd`),
  ADD KEY `m_disease_groups_classification_id_foreign` (`classification_id`);

--
-- Indeks untuk tabel `m_education`
--
ALTER TABLE `m_education`
  ADD PRIMARY KEY (`id`);

--
-- Indeks untuk tabel `m_examination_actions`
--
ALTER TABLE `m_examination_actions`
  ADD PRIMARY KEY (`id`),
  ADD KEY `m_examination_actions_parent_id_foreign` (`parent_id`),
  ADD KEY `m_examination_actions_procedure_id_foreign` (`procedure_id`);

--
-- Indeks untuk tabel `m_general_examinations`
--
ALTER TABLE `m_general_examinations`
  ADD PRIMARY KEY (`id`),
  ADD KEY `m_general_examinations_unit_foreign` (`unit`),
  ADD KEY `m_general_examinations_period_foreign` (`period`);

--
-- Indeks untuk tabel `m_identity_types`
--
ALTER TABLE `m_identity_types`
  ADD PRIMARY KEY (`id`);

--
-- Indeks untuk tabel `m_incinerators`
--
ALTER TABLE `m_incinerators`
  ADD PRIMARY KEY (`id`),
  ADD KEY `m_incinerators_parent_id_foreign` (`parent_id`);

--
-- Indeks untuk tabel `m_laundry_types`
--
ALTER TABLE `m_laundry_types`
  ADD PRIMARY KEY (`id`),
  ADD KEY `m_laundry_types_unit_id_foreign` (`unit_id`);

--
-- Indeks untuk tabel `m_logistic_types`
--
ALTER TABLE `m_logistic_types`
  ADD PRIMARY KEY (`id`);

--
-- Indeks untuk tabel `m_medical_activities`
--
ALTER TABLE `m_medical_activities`
  ADD PRIMARY KEY (`id`),
  ADD KEY `m_medical_activities_type_foreign` (`type`);

--
-- Indeks untuk tabel `m_medical_activity_types`
--
ALTER TABLE `m_medical_activity_types`
  ADD PRIMARY KEY (`id`);

--
-- Indeks untuk tabel `m_medical_procedures`
--
ALTER TABLE `m_medical_procedures`
  ADD PRIMARY KEY (`id`);

--
-- Indeks untuk tabel `m_menus`
--
ALTER TABLE `m_menus`
  ADD PRIMARY KEY (`id`);

--
-- Indeks untuk tabel `m_nutritions`
--
ALTER TABLE `m_nutritions`
  ADD PRIMARY KEY (`id`);

--
-- Indeks untuk tabel `m_operation_actions`
--
ALTER TABLE `m_operation_actions`
  ADD PRIMARY KEY (`id`),
  ADD KEY `m_operation_actions_parent_id_foreign` (`parent_id`);

--
-- Indeks untuk tabel `m_oxygens`
--
ALTER TABLE `m_oxygens`
  ADD PRIMARY KEY (`id`);

--
-- Indeks untuk tabel `m_payment_methods`
--
ALTER TABLE `m_payment_methods`
  ADD PRIMARY KEY (`id`);

--
-- Indeks untuk tabel `m_periods`
--
ALTER TABLE `m_periods`
  ADD PRIMARY KEY (`id`);

--
-- Indeks untuk tabel `m_policlinic_types`
--
ALTER TABLE `m_policlinic_types`
  ADD PRIMARY KEY (`id`);

--
-- Indeks untuk tabel `m_positions`
--
ALTER TABLE `m_positions`
  ADD PRIMARY KEY (`id`);

--
-- Indeks untuk tabel `m_professions`
--
ALTER TABLE `m_professions`
  ADD PRIMARY KEY (`id`);

--
-- Indeks untuk tabel `m_reference_types`
--
ALTER TABLE `m_reference_types`
  ADD PRIMARY KEY (`id`);

--
-- Indeks untuk tabel `m_registration_patient_types`
--
ALTER TABLE `m_registration_patient_types`
  ADD PRIMARY KEY (`id`);

--
-- Indeks untuk tabel `m_roles`
--
ALTER TABLE `m_roles`
  ADD PRIMARY KEY (`id`),
  ADD UNIQUE KEY `m_roles_uuid_unique` (`uuid`),
  ADD UNIQUE KEY `m_roles_name_unique` (`name`);

--
-- Indeks untuk tabel `m_room_grades`
--
ALTER TABLE `m_room_grades`
  ADD PRIMARY KEY (`id`);

--
-- Indeks untuk tabel `m_service_rates`
--
ALTER TABLE `m_service_rates`
  ADD PRIMARY KEY (`id`);

--
-- Indeks untuk tabel `m_special_treatments`
--
ALTER TABLE `m_special_treatments`
  ADD PRIMARY KEY (`id`);

--
-- Indeks untuk tabel `m_tribes`
--
ALTER TABLE `m_tribes`
  ADD PRIMARY KEY (`id`);

--
-- Indeks untuk tabel `m_units`
--
ALTER TABLE `m_units`
  ADD PRIMARY KEY (`id`);

--
-- Indeks untuk tabel `m_utdrs`
--
ALTER TABLE `m_utdrs`
  ADD PRIMARY KEY (`id`);

--
-- Indeks untuk tabel `m_visit_types`
--
ALTER TABLE `m_visit_types`
  ADD PRIMARY KEY (`id`);

--
-- Indeks untuk tabel `nutrition_services`
--
ALTER TABLE `nutrition_services`
  ADD PRIMARY KEY (`id`),
  ADD KEY `nutrition_services_officer_id_foreign` (`officer_id`),
  ADD KEY `nutrition_services_nutrition_id_foreign` (`nutrition_id`);

--
-- Indeks untuk tabel `out_patients`
--
ALTER TABLE `out_patients`
  ADD PRIMARY KEY (`id`),
  ADD KEY `out_patients_medical_activity_id_foreign` (`medical_activity_id`),
  ADD KEY `out_patients_polyclinic_id_foreign` (`polyclinic_id`);

--
-- Indeks untuk tabel `oxygen_services`
--
ALTER TABLE `oxygen_services`
  ADD PRIMARY KEY (`id`),
  ADD KEY `oxygen_services_officer_id_foreign` (`officer_id`),
  ADD KEY `oxygen_services_oxygen_id_foreign` (`oxygen_id`);

--
-- Indeks untuk tabel `password_resets`
--
ALTER TABLE `password_resets`
  ADD KEY `password_resets_email_index` (`email`);

--
-- Indeks untuk tabel `patients`
--
ALTER TABLE `patients`
  ADD PRIMARY KEY (`id`),
  ADD UNIQUE KEY `patients_medical_record_number_unique` (`medical_record_number`),
  ADD KEY `patients_identity_number_id_foreign` (`identity_number_id`),
  ADD KEY `patients_province_id_foreign` (`province_id`),
  ADD KEY `patients_regency_id_foreign` (`regency_id`),
  ADD KEY `patients_district_id_foreign` (`district_id`),
  ADD KEY `patients_village_id_foreign` (`village_id`),
  ADD KEY `patients_agama_id_foreign` (`agama_id`),
  ADD KEY `patients_tribe_id_foreign` (`tribe_id`),
  ADD KEY `patients_education_id_foreign` (`education_id`),
  ADD KEY `patients_proffesion_id_foreign` (`proffesion_id`);

--
-- Indeks untuk tabel `personal_access_tokens`
--
ALTER TABLE `personal_access_tokens`
  ADD PRIMARY KEY (`id`),
  ADD UNIQUE KEY `personal_access_tokens_token_unique` (`token`),
  ADD KEY `personal_access_tokens_tokenable_type_tokenable_id_index` (`tokenable_type`,`tokenable_id`);

--
-- Indeks untuk tabel `polyclinics`
--
ALTER TABLE `polyclinics`
  ADD PRIMARY KEY (`id`),
  ADD KEY `polyclinics_type_id_foreign` (`type_id`);

--
-- Indeks untuk tabel `polyclinic_examination_actions`
--
ALTER TABLE `polyclinic_examination_actions`
  ADD PRIMARY KEY (`polyclinic_id`,`examination_action_id`),
  ADD KEY `polyclinic_examination_actions_examination_action_id_foreign` (`examination_action_id`);

--
-- Indeks untuk tabel `polyclinic_rooms`
--
ALTER TABLE `polyclinic_rooms`
  ADD PRIMARY KEY (`id`),
  ADD KEY `polyclinic_rooms_polyclinic_id_foreign` (`polyclinic_id`),
  ADD KEY `polyclinic_rooms_grade_id_foreign` (`grade_id`);

--
-- Indeks untuk tabel `prinatologist_services`
--
ALTER TABLE `prinatologist_services`
  ADD PRIMARY KEY (`id`),
  ADD KEY `prinatologist_services_officer_id_foreign` (`officer_id`),
  ADD KEY `prinatologist_services_medical_activity_id_foreign` (`medical_activity_id`);

--
-- Indeks untuk tabel `provinces`
--
ALTER TABLE `provinces`
  ADD PRIMARY KEY (`id`);

--
-- Indeks untuk tabel `qualifications`
--
ALTER TABLE `qualifications`
  ADD PRIMARY KEY (`id`),
  ADD KEY `qualifications_category_id_foreign` (`category_id`);

--
-- Indeks untuk tabel `qualification_categories`
--
ALTER TABLE `qualification_categories`
  ADD PRIMARY KEY (`id`);

--
-- Indeks untuk tabel `receptions`
--
ALTER TABLE `receptions`
  ADD PRIMARY KEY (`id`),
  ADD UNIQUE KEY `receptions_invoice_number_unique` (`invoice_number`),
  ADD KEY `receptions_supplier_id_foreign` (`supplier_id`),
  ADD KEY `receptions_payment_method_id_foreign` (`payment_method_id`);

--
-- Indeks untuk tabel `recipe_detail_services`
--
ALTER TABLE `recipe_detail_services`
  ADD PRIMARY KEY (`id`),
  ADD KEY `recipe_detail_services_recipe_id_foreign` (`recipe_id`),
  ADD KEY `recipe_detail_services_office_id_foreign` (`office_id`),
  ADD KEY `recipe_detail_services_medicine_id_foreign` (`medicine_id`);

--
-- Indeks untuk tabel `recipe_services`
--
ALTER TABLE `recipe_services`
  ADD PRIMARY KEY (`id`);

--
-- Indeks untuk tabel `regencies`
--
ALTER TABLE `regencies`
  ADD PRIMARY KEY (`id`),
  ADD KEY `regencies_province_id_foreign` (`province_id`);

--
-- Indeks untuk tabel `role_with_users`
--
ALTER TABLE `role_with_users`
  ADD KEY `role_with_users_role_id_foreign` (`role_id`),
  ADD KEY `role_with_users_user_id_foreign` (`user_id`);

--
-- Indeks untuk tabel `rooms`
--
ALTER TABLE `rooms`
  ADD PRIMARY KEY (`id`),
  ADD KEY `rooms_polyclinic_room_id_foreign` (`polyclinic_room_id`);

--
-- Indeks untuk tabel `room_beds`
--
ALTER TABLE `room_beds`
  ADD PRIMARY KEY (`id`),
  ADD KEY `room_beds_room_id_foreign` (`room_id`);

--
-- Indeks untuk tabel `room_services`
--
ALTER TABLE `room_services`
  ADD PRIMARY KEY (`id`),
  ADD KEY `room_services_room_bed_id_foreign` (`room_bed_id`);

--
-- Indeks untuk tabel `suppliers`
--
ALTER TABLE `suppliers`
  ADD PRIMARY KEY (`id`);

--
-- Indeks untuk tabel `support_action_services`
--
ALTER TABLE `support_action_services`
  ADD PRIMARY KEY (`id`),
  ADD KEY `support_action_services_officer_id_foreign` (`officer_id`),
  ADD KEY `support_action_services_support_id_foreign` (`support_id`);

--
-- Indeks untuk tabel `support_services`
--
ALTER TABLE `support_services`
  ADD PRIMARY KEY (`id`),
  ADD KEY `support_services_polyclinic_id_foreign` (`polyclinic_id`);

--
-- Indeks untuk tabel `treatment_services`
--
ALTER TABLE `treatment_services`
  ADD PRIMARY KEY (`id`),
  ADD KEY `treatment_services_officer_id_foreign` (`officer_id`),
  ADD KEY `treatment_services_special_treatment_id_foreign` (`special_treatment_id`);

--
-- Indeks untuk tabel `users`
--
ALTER TABLE `users`
  ADD PRIMARY KEY (`id`),
  ADD UNIQUE KEY `users_uuid_unique` (`uuid`),
  ADD UNIQUE KEY `users_username_unique` (`username`),
  ADD UNIQUE KEY `users_phone_unique` (`phone`),
  ADD UNIQUE KEY `users_email_unique` (`email`),
  ADD UNIQUE KEY `users_api_token_unique` (`api_token`);

--
-- Indeks untuk tabel `villages`
--
ALTER TABLE `villages`
  ADD PRIMARY KEY (`id`),
  ADD KEY `villages_district_id_foreign` (`district_id`);

--
-- Indeks untuk tabel `visits`
--
ALTER TABLE `visits`
  ADD PRIMARY KEY (`id`),
  ADD KEY `visits_patient_id_foreign` (`patient_id`),
  ADD KEY `visits_case_id_foreign` (`case_id`),
  ADD KEY `visits_disease_id_foreign` (`disease_id`),
  ADD KEY `visits_reference_type_id_foreign` (`reference_type_id`),
  ADD KEY `visits_payment_method_id_foreign` (`payment_method_id`);

--
-- Indeks untuk tabel `visit_services`
--
ALTER TABLE `visit_services`
  ADD PRIMARY KEY (`id`),
  ADD KEY `visit_services_officer_id_foreign` (`officer_id`),
  ADD KEY `visit_services_visit_type_id_foreign` (`visit_type_id`);

--
-- AUTO_INCREMENT untuk tabel yang dibuang
--

--
-- AUTO_INCREMENT untuk tabel `action_services`
--
ALTER TABLE `action_services`
  MODIFY `id` bigint(20) UNSIGNED NOT NULL AUTO_INCREMENT, AUTO_INCREMENT=22;

--
-- AUTO_INCREMENT untuk tabel `diagnostic_services`
--
ALTER TABLE `diagnostic_services`
  MODIFY `id` bigint(20) UNSIGNED NOT NULL AUTO_INCREMENT, AUTO_INCREMENT=10;

--
-- AUTO_INCREMENT untuk tabel `districts`
--
ALTER TABLE `districts`
  MODIFY `id` bigint(20) UNSIGNED NOT NULL AUTO_INCREMENT;

--
-- AUTO_INCREMENT untuk tabel `emergency_patients`
--
ALTER TABLE `emergency_patients`
  MODIFY `id` bigint(20) UNSIGNED NOT NULL AUTO_INCREMENT, AUTO_INCREMENT=2;

--
-- AUTO_INCREMENT untuk tabel `employees`
--
ALTER TABLE `employees`
  MODIFY `id` bigint(20) UNSIGNED NOT NULL AUTO_INCREMENT, AUTO_INCREMENT=4;

--
-- AUTO_INCREMENT untuk tabel `examintaion_services`
--
ALTER TABLE `examintaion_services`
  MODIFY `id` bigint(20) UNSIGNED NOT NULL AUTO_INCREMENT, AUTO_INCREMENT=12;

--
-- AUTO_INCREMENT untuk tabel `failed_jobs`
--
ALTER TABLE `failed_jobs`
  MODIFY `id` bigint(20) UNSIGNED NOT NULL AUTO_INCREMENT;

--
-- AUTO_INCREMENT untuk tabel `images`
--
ALTER TABLE `images`
  MODIFY `id` bigint(20) UNSIGNED NOT NULL AUTO_INCREMENT;

--
-- AUTO_INCREMENT untuk tabel `in_patients`
--
ALTER TABLE `in_patients`
  MODIFY `id` bigint(20) UNSIGNED NOT NULL AUTO_INCREMENT;

--
-- AUTO_INCREMENT untuk tabel `laundry_services`
--
ALTER TABLE `laundry_services`
  MODIFY `id` bigint(20) UNSIGNED NOT NULL AUTO_INCREMENT;

--
-- AUTO_INCREMENT untuk tabel `logistics`
--
ALTER TABLE `logistics`
  MODIFY `id` bigint(20) UNSIGNED NOT NULL AUTO_INCREMENT, AUTO_INCREMENT=3;

--
-- AUTO_INCREMENT untuk tabel `logistic_transactions`
--
ALTER TABLE `logistic_transactions`
  MODIFY `id` bigint(20) UNSIGNED NOT NULL AUTO_INCREMENT;

--
-- AUTO_INCREMENT untuk tabel `log_activities`
--
ALTER TABLE `log_activities`
  MODIFY `id` bigint(20) UNSIGNED NOT NULL AUTO_INCREMENT;

--
-- AUTO_INCREMENT untuk tabel `mid_wife_services`
--
ALTER TABLE `mid_wife_services`
  MODIFY `id` bigint(20) UNSIGNED NOT NULL AUTO_INCREMENT;

--
-- AUTO_INCREMENT untuk tabel `migrations`
--
ALTER TABLE `migrations`
  MODIFY `id` int(10) UNSIGNED NOT NULL AUTO_INCREMENT, AUTO_INCREMENT=81;

--
-- AUTO_INCREMENT untuk tabel `m_agamas`
--
ALTER TABLE `m_agamas`
  MODIFY `id` bigint(20) UNSIGNED NOT NULL AUTO_INCREMENT, AUTO_INCREMENT=8;

--
-- AUTO_INCREMENT untuk tabel `m_case_types`
--
ALTER TABLE `m_case_types`
  MODIFY `id` bigint(20) UNSIGNED NOT NULL AUTO_INCREMENT, AUTO_INCREMENT=4;

--
-- AUTO_INCREMENT untuk tabel `m_corpse_examinations`
--
ALTER TABLE `m_corpse_examinations`
  MODIFY `id` bigint(20) UNSIGNED NOT NULL AUTO_INCREMENT;

--
-- AUTO_INCREMENT untuk tabel `m_diagnosis_types`
--
ALTER TABLE `m_diagnosis_types`
  MODIFY `id` bigint(20) UNSIGNED NOT NULL AUTO_INCREMENT, AUTO_INCREMENT=9;

--
-- AUTO_INCREMENT untuk tabel `m_diseases`
--
ALTER TABLE `m_diseases`
  MODIFY `id` bigint(20) UNSIGNED NOT NULL AUTO_INCREMENT, AUTO_INCREMENT=2;

--
-- AUTO_INCREMENT untuk tabel `m_disease_classifications`
--
ALTER TABLE `m_disease_classifications`
  MODIFY `id` bigint(20) UNSIGNED NOT NULL AUTO_INCREMENT, AUTO_INCREMENT=2;

--
-- AUTO_INCREMENT untuk tabel `m_disease_groups`
--
ALTER TABLE `m_disease_groups`
  MODIFY `id` bigint(20) UNSIGNED NOT NULL AUTO_INCREMENT, AUTO_INCREMENT=2;

--
-- AUTO_INCREMENT untuk tabel `m_education`
--
ALTER TABLE `m_education`
  MODIFY `id` bigint(20) UNSIGNED NOT NULL AUTO_INCREMENT, AUTO_INCREMENT=5;

--
-- AUTO_INCREMENT untuk tabel `m_examination_actions`
--
ALTER TABLE `m_examination_actions`
  MODIFY `id` bigint(20) UNSIGNED NOT NULL AUTO_INCREMENT, AUTO_INCREMENT=4;

--
-- AUTO_INCREMENT untuk tabel `m_general_examinations`
--
ALTER TABLE `m_general_examinations`
  MODIFY `id` bigint(20) UNSIGNED NOT NULL AUTO_INCREMENT, AUTO_INCREMENT=5;

--
-- AUTO_INCREMENT untuk tabel `m_identity_types`
--
ALTER TABLE `m_identity_types`
  MODIFY `id` bigint(20) UNSIGNED NOT NULL AUTO_INCREMENT, AUTO_INCREMENT=5;

--
-- AUTO_INCREMENT untuk tabel `m_incinerators`
--
ALTER TABLE `m_incinerators`
  MODIFY `id` bigint(20) UNSIGNED NOT NULL AUTO_INCREMENT, AUTO_INCREMENT=3;

--
-- AUTO_INCREMENT untuk tabel `m_laundry_types`
--
ALTER TABLE `m_laundry_types`
  MODIFY `id` bigint(20) UNSIGNED NOT NULL AUTO_INCREMENT;

--
-- AUTO_INCREMENT untuk tabel `m_logistic_types`
--
ALTER TABLE `m_logistic_types`
  MODIFY `id` bigint(20) UNSIGNED NOT NULL AUTO_INCREMENT, AUTO_INCREMENT=2;

--
-- AUTO_INCREMENT untuk tabel `m_medical_activities`
--
ALTER TABLE `m_medical_activities`
  MODIFY `id` bigint(20) UNSIGNED NOT NULL AUTO_INCREMENT, AUTO_INCREMENT=4;

--
-- AUTO_INCREMENT untuk tabel `m_medical_activity_types`
--
ALTER TABLE `m_medical_activity_types`
  MODIFY `id` bigint(20) UNSIGNED NOT NULL AUTO_INCREMENT, AUTO_INCREMENT=4;

--
-- AUTO_INCREMENT untuk tabel `m_medical_procedures`
--
ALTER TABLE `m_medical_procedures`
  MODIFY `id` bigint(20) UNSIGNED NOT NULL AUTO_INCREMENT;

--
-- AUTO_INCREMENT untuk tabel `m_menus`
--
ALTER TABLE `m_menus`
  MODIFY `id` bigint(20) UNSIGNED NOT NULL AUTO_INCREMENT, AUTO_INCREMENT=84;

--
-- AUTO_INCREMENT untuk tabel `m_nutritions`
--
ALTER TABLE `m_nutritions`
  MODIFY `id` bigint(20) UNSIGNED NOT NULL AUTO_INCREMENT, AUTO_INCREMENT=3;

--
-- AUTO_INCREMENT untuk tabel `m_operation_actions`
--
ALTER TABLE `m_operation_actions`
  MODIFY `id` bigint(20) UNSIGNED NOT NULL AUTO_INCREMENT;

--
-- AUTO_INCREMENT untuk tabel `m_oxygens`
--
ALTER TABLE `m_oxygens`
  MODIFY `id` bigint(20) UNSIGNED NOT NULL AUTO_INCREMENT, AUTO_INCREMENT=3;

--
-- AUTO_INCREMENT untuk tabel `m_payment_methods`
--
ALTER TABLE `m_payment_methods`
  MODIFY `id` bigint(20) UNSIGNED NOT NULL AUTO_INCREMENT, AUTO_INCREMENT=5;

--
-- AUTO_INCREMENT untuk tabel `m_periods`
--
ALTER TABLE `m_periods`
  MODIFY `id` bigint(20) UNSIGNED NOT NULL AUTO_INCREMENT, AUTO_INCREMENT=3;

--
-- AUTO_INCREMENT untuk tabel `m_policlinic_types`
--
ALTER TABLE `m_policlinic_types`
  MODIFY `id` bigint(20) UNSIGNED NOT NULL AUTO_INCREMENT, AUTO_INCREMENT=4;

--
-- AUTO_INCREMENT untuk tabel `m_positions`
--
ALTER TABLE `m_positions`
  MODIFY `id` bigint(20) UNSIGNED NOT NULL AUTO_INCREMENT, AUTO_INCREMENT=5;

--
-- AUTO_INCREMENT untuk tabel `m_professions`
--
ALTER TABLE `m_professions`
  MODIFY `id` bigint(20) UNSIGNED NOT NULL AUTO_INCREMENT, AUTO_INCREMENT=4;

--
-- AUTO_INCREMENT untuk tabel `m_reference_types`
--
ALTER TABLE `m_reference_types`
  MODIFY `id` bigint(20) UNSIGNED NOT NULL AUTO_INCREMENT, AUTO_INCREMENT=3;

--
-- AUTO_INCREMENT untuk tabel `m_registration_patient_types`
--
ALTER TABLE `m_registration_patient_types`
  MODIFY `id` bigint(20) UNSIGNED NOT NULL AUTO_INCREMENT, AUTO_INCREMENT=4;

--
-- AUTO_INCREMENT untuk tabel `m_roles`
--
ALTER TABLE `m_roles`
  MODIFY `id` bigint(20) UNSIGNED NOT NULL AUTO_INCREMENT, AUTO_INCREMENT=5;

--
-- AUTO_INCREMENT untuk tabel `m_room_grades`
--
ALTER TABLE `m_room_grades`
  MODIFY `id` bigint(20) UNSIGNED NOT NULL AUTO_INCREMENT, AUTO_INCREMENT=7;

--
-- AUTO_INCREMENT untuk tabel `m_service_rates`
--
ALTER TABLE `m_service_rates`
  MODIFY `id` bigint(20) UNSIGNED NOT NULL AUTO_INCREMENT, AUTO_INCREMENT=19;

--
-- AUTO_INCREMENT untuk tabel `m_special_treatments`
--
ALTER TABLE `m_special_treatments`
  MODIFY `id` bigint(20) UNSIGNED NOT NULL AUTO_INCREMENT, AUTO_INCREMENT=3;

--
-- AUTO_INCREMENT untuk tabel `m_tribes`
--
ALTER TABLE `m_tribes`
  MODIFY `id` bigint(20) UNSIGNED NOT NULL AUTO_INCREMENT, AUTO_INCREMENT=4;

--
-- AUTO_INCREMENT untuk tabel `m_units`
--
ALTER TABLE `m_units`
  MODIFY `id` bigint(20) UNSIGNED NOT NULL AUTO_INCREMENT, AUTO_INCREMENT=3;

--
-- AUTO_INCREMENT untuk tabel `m_utdrs`
--
ALTER TABLE `m_utdrs`
  MODIFY `id` bigint(20) UNSIGNED NOT NULL AUTO_INCREMENT, AUTO_INCREMENT=3;

--
-- AUTO_INCREMENT untuk tabel `m_visit_types`
--
ALTER TABLE `m_visit_types`
  MODIFY `id` bigint(20) UNSIGNED NOT NULL AUTO_INCREMENT, AUTO_INCREMENT=3;

--
-- AUTO_INCREMENT untuk tabel `nutrition_services`
--
ALTER TABLE `nutrition_services`
  MODIFY `id` bigint(20) UNSIGNED NOT NULL AUTO_INCREMENT;

--
-- AUTO_INCREMENT untuk tabel `out_patients`
--
ALTER TABLE `out_patients`
  MODIFY `id` bigint(20) UNSIGNED NOT NULL AUTO_INCREMENT, AUTO_INCREMENT=3;

--
-- AUTO_INCREMENT untuk tabel `oxygen_services`
--
ALTER TABLE `oxygen_services`
  MODIFY `id` bigint(20) UNSIGNED NOT NULL AUTO_INCREMENT;

--
-- AUTO_INCREMENT untuk tabel `patients`
--
ALTER TABLE `patients`
  MODIFY `id` bigint(20) UNSIGNED NOT NULL AUTO_INCREMENT, AUTO_INCREMENT=5;

--
-- AUTO_INCREMENT untuk tabel `personal_access_tokens`
--
ALTER TABLE `personal_access_tokens`
  MODIFY `id` bigint(20) UNSIGNED NOT NULL AUTO_INCREMENT, AUTO_INCREMENT=335;

--
-- AUTO_INCREMENT untuk tabel `polyclinics`
--
ALTER TABLE `polyclinics`
  MODIFY `id` bigint(20) UNSIGNED NOT NULL AUTO_INCREMENT, AUTO_INCREMENT=6;

--
-- AUTO_INCREMENT untuk tabel `polyclinic_rooms`
--
ALTER TABLE `polyclinic_rooms`
  MODIFY `id` bigint(20) UNSIGNED NOT NULL AUTO_INCREMENT, AUTO_INCREMENT=16;

--
-- AUTO_INCREMENT untuk tabel `prinatologist_services`
--
ALTER TABLE `prinatologist_services`
  MODIFY `id` bigint(20) UNSIGNED NOT NULL AUTO_INCREMENT;

--
-- AUTO_INCREMENT untuk tabel `provinces`
--
ALTER TABLE `provinces`
  MODIFY `id` bigint(20) UNSIGNED NOT NULL AUTO_INCREMENT, AUTO_INCREMENT=4;

--
-- AUTO_INCREMENT untuk tabel `qualifications`
--
ALTER TABLE `qualifications`
  MODIFY `id` bigint(20) UNSIGNED NOT NULL AUTO_INCREMENT, AUTO_INCREMENT=4;

--
-- AUTO_INCREMENT untuk tabel `qualification_categories`
--
ALTER TABLE `qualification_categories`
  MODIFY `id` bigint(20) UNSIGNED NOT NULL AUTO_INCREMENT, AUTO_INCREMENT=3;

--
-- AUTO_INCREMENT untuk tabel `receptions`
--
ALTER TABLE `receptions`
  MODIFY `id` bigint(20) UNSIGNED NOT NULL AUTO_INCREMENT;

--
-- AUTO_INCREMENT untuk tabel `recipe_detail_services`
--
ALTER TABLE `recipe_detail_services`
  MODIFY `id` bigint(20) UNSIGNED NOT NULL AUTO_INCREMENT, AUTO_INCREMENT=15;

--
-- AUTO_INCREMENT untuk tabel `recipe_services`
--
ALTER TABLE `recipe_services`
  MODIFY `id` bigint(20) UNSIGNED NOT NULL AUTO_INCREMENT, AUTO_INCREMENT=2;

--
-- AUTO_INCREMENT untuk tabel `regencies`
--
ALTER TABLE `regencies`
  MODIFY `id` bigint(20) UNSIGNED NOT NULL AUTO_INCREMENT;

--
-- AUTO_INCREMENT untuk tabel `rooms`
--
ALTER TABLE `rooms`
  MODIFY `id` bigint(20) UNSIGNED NOT NULL AUTO_INCREMENT, AUTO_INCREMENT=2;

--
-- AUTO_INCREMENT untuk tabel `room_beds`
--
ALTER TABLE `room_beds`
  MODIFY `id` bigint(20) UNSIGNED NOT NULL AUTO_INCREMENT, AUTO_INCREMENT=2;

--
-- AUTO_INCREMENT untuk tabel `room_services`
--
ALTER TABLE `room_services`
  MODIFY `id` bigint(20) UNSIGNED NOT NULL AUTO_INCREMENT;

--
-- AUTO_INCREMENT untuk tabel `suppliers`
--
ALTER TABLE `suppliers`
  MODIFY `id` bigint(20) UNSIGNED NOT NULL AUTO_INCREMENT, AUTO_INCREMENT=2;

--
-- AUTO_INCREMENT untuk tabel `support_action_services`
--
ALTER TABLE `support_action_services`
  MODIFY `id` bigint(20) UNSIGNED NOT NULL AUTO_INCREMENT;

--
-- AUTO_INCREMENT untuk tabel `support_services`
--
ALTER TABLE `support_services`
  MODIFY `id` bigint(20) UNSIGNED NOT NULL AUTO_INCREMENT, AUTO_INCREMENT=6;

--
-- AUTO_INCREMENT untuk tabel `treatment_services`
--
ALTER TABLE `treatment_services`
  MODIFY `id` bigint(20) UNSIGNED NOT NULL AUTO_INCREMENT;

--
-- AUTO_INCREMENT untuk tabel `users`
--
ALTER TABLE `users`
  MODIFY `id` bigint(20) UNSIGNED NOT NULL AUTO_INCREMENT, AUTO_INCREMENT=4;

--
-- AUTO_INCREMENT untuk tabel `villages`
--
ALTER TABLE `villages`
  MODIFY `id` bigint(20) UNSIGNED NOT NULL AUTO_INCREMENT;

--
-- AUTO_INCREMENT untuk tabel `visits`
--
ALTER TABLE `visits`
  MODIFY `id` bigint(20) UNSIGNED NOT NULL AUTO_INCREMENT, AUTO_INCREMENT=3;

--
-- AUTO_INCREMENT untuk tabel `visit_services`
--
ALTER TABLE `visit_services`
  MODIFY `id` bigint(20) UNSIGNED NOT NULL AUTO_INCREMENT, AUTO_INCREMENT=3;

--
-- Ketidakleluasaan untuk tabel pelimpahan (Dumped Tables)
--

--
-- Ketidakleluasaan untuk tabel `action_services`
--
ALTER TABLE `action_services`
  ADD CONSTRAINT `action_services_examination_action_id_foreign` FOREIGN KEY (`examination_action_id`) REFERENCES `m_examination_actions` (`id`) ON UPDATE CASCADE,
  ADD CONSTRAINT `action_services_officer_id_foreign` FOREIGN KEY (`officer_id`) REFERENCES `employees` (`id`) ON UPDATE CASCADE;

--
-- Ketidakleluasaan untuk tabel `diagnostic_services`
--
ALTER TABLE `diagnostic_services`
  ADD CONSTRAINT `diagnostic_services_diagnostic_type_id_foreign` FOREIGN KEY (`diagnostic_type_id`) REFERENCES `m_diagnosis_types` (`id`) ON UPDATE CASCADE,
  ADD CONSTRAINT `diagnostic_services_disease_id_foreign` FOREIGN KEY (`disease_id`) REFERENCES `m_diseases` (`id`) ON UPDATE CASCADE,
  ADD CONSTRAINT `diagnostic_services_officer_id_foreign` FOREIGN KEY (`officer_id`) REFERENCES `employees` (`id`) ON UPDATE CASCADE;

--
-- Ketidakleluasaan untuk tabel `districts`
--
ALTER TABLE `districts`
  ADD CONSTRAINT `districts_regency_id_foreign` FOREIGN KEY (`regency_id`) REFERENCES `regencies` (`id`) ON DELETE CASCADE ON UPDATE CASCADE;

--
-- Ketidakleluasaan untuk tabel `emergency_patients`
--
ALTER TABLE `emergency_patients`
  ADD CONSTRAINT `emergency_patients_medical_activity_id_foreign` FOREIGN KEY (`medical_activity_id`) REFERENCES `m_medical_activities` (`id`) ON UPDATE CASCADE,
  ADD CONSTRAINT `emergency_patients_polyclinic_id_foreign` FOREIGN KEY (`polyclinic_id`) REFERENCES `polyclinics` (`id`) ON UPDATE CASCADE;

--
-- Ketidakleluasaan untuk tabel `employees`
--
ALTER TABLE `employees`
  ADD CONSTRAINT `employees_position_id_foreign` FOREIGN KEY (`position_id`) REFERENCES `m_positions` (`id`) ON DELETE CASCADE ON UPDATE CASCADE,
  ADD CONSTRAINT `employees_qualification_id_foreign` FOREIGN KEY (`qualification_id`) REFERENCES `qualifications` (`id`) ON UPDATE CASCADE;

--
-- Ketidakleluasaan untuk tabel `examintaion_services`
--
ALTER TABLE `examintaion_services`
  ADD CONSTRAINT `examintaion_services_general_examination_id_foreign` FOREIGN KEY (`general_examination_id`) REFERENCES `m_general_examinations` (`id`) ON UPDATE CASCADE,
  ADD CONSTRAINT `examintaion_services_officer_id_foreign` FOREIGN KEY (`officer_id`) REFERENCES `employees` (`id`) ON UPDATE CASCADE;

--
-- Ketidakleluasaan untuk tabel `in_patients`
--
ALTER TABLE `in_patients`
  ADD CONSTRAINT `in_patients_medical_activity_id_foreign` FOREIGN KEY (`medical_activity_id`) REFERENCES `m_medical_activities` (`id`) ON UPDATE CASCADE,
  ADD CONSTRAINT `in_patients_room_bed_id_foreign` FOREIGN KEY (`room_bed_id`) REFERENCES `room_beds` (`id`) ON UPDATE CASCADE;

--
-- Ketidakleluasaan untuk tabel `laundry_services`
--
ALTER TABLE `laundry_services`
  ADD CONSTRAINT `laundry_services_laundry_type_id_foreign` FOREIGN KEY (`laundry_type_id`) REFERENCES `m_laundry_types` (`id`) ON UPDATE CASCADE;

--
-- Ketidakleluasaan untuk tabel `logistics`
--
ALTER TABLE `logistics`
  ADD CONSTRAINT `logistics_type_id_foreign` FOREIGN KEY (`type_id`) REFERENCES `m_logistic_types` (`id`) ON UPDATE CASCADE,
  ADD CONSTRAINT `logistics_unit_id_foreign` FOREIGN KEY (`unit_id`) REFERENCES `m_units` (`id`) ON UPDATE CASCADE;

--
-- Ketidakleluasaan untuk tabel `logistic_transactions`
--
ALTER TABLE `logistic_transactions`
  ADD CONSTRAINT `logistic_transactions_logistic_id_foreign` FOREIGN KEY (`logistic_id`) REFERENCES `logistics` (`id`) ON UPDATE CASCADE,
  ADD CONSTRAINT `logistic_transactions_polyclinic_id_foreign` FOREIGN KEY (`polyclinic_id`) REFERENCES `polyclinics` (`id`) ON UPDATE CASCADE,
  ADD CONSTRAINT `logistic_transactions_reception_id_foreign` FOREIGN KEY (`reception_id`) REFERENCES `receptions` (`id`) ON UPDATE CASCADE;

--
-- Ketidakleluasaan untuk tabel `log_activities`
--
ALTER TABLE `log_activities`
  ADD CONSTRAINT `log_activities_user_id_foreign` FOREIGN KEY (`user_id`) REFERENCES `users` (`id`) ON DELETE CASCADE;

--
-- Ketidakleluasaan untuk tabel `menu_with_roles`
--
ALTER TABLE `menu_with_roles`
  ADD CONSTRAINT `menu_with_roles_menu_id_foreign` FOREIGN KEY (`menu_id`) REFERENCES `m_menus` (`id`),
  ADD CONSTRAINT `menu_with_roles_role_id_foreign` FOREIGN KEY (`role_id`) REFERENCES `m_roles` (`id`);

--
-- Ketidakleluasaan untuk tabel `mid_wife_services`
--
ALTER TABLE `mid_wife_services`
  ADD CONSTRAINT `mid_wife_services_medical_activity_id_foreign` FOREIGN KEY (`medical_activity_id`) REFERENCES `m_medical_activities` (`id`) ON UPDATE CASCADE,
  ADD CONSTRAINT `mid_wife_services_officer_id_foreign` FOREIGN KEY (`officer_id`) REFERENCES `employees` (`id`) ON UPDATE CASCADE;

--
-- Ketidakleluasaan untuk tabel `m_diseases`
--
ALTER TABLE `m_diseases`
  ADD CONSTRAINT `m_diseases_group_id_foreign` FOREIGN KEY (`group_id`) REFERENCES `m_disease_groups` (`id`) ON UPDATE CASCADE;

--
-- Ketidakleluasaan untuk tabel `m_disease_groups`
--
ALTER TABLE `m_disease_groups`
  ADD CONSTRAINT `m_disease_groups_classification_id_foreign` FOREIGN KEY (`classification_id`) REFERENCES `m_disease_classifications` (`id`) ON UPDATE CASCADE;

--
-- Ketidakleluasaan untuk tabel `m_examination_actions`
--
ALTER TABLE `m_examination_actions`
  ADD CONSTRAINT `m_examination_actions_parent_id_foreign` FOREIGN KEY (`parent_id`) REFERENCES `m_examination_actions` (`id`) ON DELETE CASCADE ON UPDATE CASCADE,
  ADD CONSTRAINT `m_examination_actions_procedure_id_foreign` FOREIGN KEY (`procedure_id`) REFERENCES `m_medical_procedures` (`id`) ON DELETE CASCADE ON UPDATE CASCADE;

--
-- Ketidakleluasaan untuk tabel `m_general_examinations`
--
ALTER TABLE `m_general_examinations`
  ADD CONSTRAINT `m_general_examinations_period_foreign` FOREIGN KEY (`period`) REFERENCES `m_periods` (`id`) ON DELETE CASCADE ON UPDATE CASCADE,
  ADD CONSTRAINT `m_general_examinations_unit_foreign` FOREIGN KEY (`unit`) REFERENCES `m_units` (`id`) ON DELETE CASCADE ON UPDATE CASCADE;

--
-- Ketidakleluasaan untuk tabel `m_incinerators`
--
ALTER TABLE `m_incinerators`
  ADD CONSTRAINT `m_incinerators_parent_id_foreign` FOREIGN KEY (`parent_id`) REFERENCES `m_incinerators` (`id`) ON DELETE CASCADE ON UPDATE CASCADE;

--
-- Ketidakleluasaan untuk tabel `m_laundry_types`
--
ALTER TABLE `m_laundry_types`
  ADD CONSTRAINT `m_laundry_types_unit_id_foreign` FOREIGN KEY (`unit_id`) REFERENCES `m_units` (`id`) ON UPDATE CASCADE;

--
-- Ketidakleluasaan untuk tabel `m_medical_activities`
--
ALTER TABLE `m_medical_activities`
  ADD CONSTRAINT `m_medical_activities_type_foreign` FOREIGN KEY (`type`) REFERENCES `m_medical_activity_types` (`id`) ON DELETE CASCADE ON UPDATE CASCADE;

--
-- Ketidakleluasaan untuk tabel `m_operation_actions`
--
ALTER TABLE `m_operation_actions`
  ADD CONSTRAINT `m_operation_actions_parent_id_foreign` FOREIGN KEY (`parent_id`) REFERENCES `m_operation_actions` (`id`) ON DELETE CASCADE ON UPDATE CASCADE;

--
-- Ketidakleluasaan untuk tabel `nutrition_services`
--
ALTER TABLE `nutrition_services`
  ADD CONSTRAINT `nutrition_services_nutrition_id_foreign` FOREIGN KEY (`nutrition_id`) REFERENCES `m_nutritions` (`id`) ON UPDATE CASCADE,
  ADD CONSTRAINT `nutrition_services_officer_id_foreign` FOREIGN KEY (`officer_id`) REFERENCES `employees` (`id`) ON UPDATE CASCADE;

--
-- Ketidakleluasaan untuk tabel `out_patients`
--
ALTER TABLE `out_patients`
  ADD CONSTRAINT `out_patients_medical_activity_id_foreign` FOREIGN KEY (`medical_activity_id`) REFERENCES `m_medical_activities` (`id`) ON UPDATE CASCADE,
  ADD CONSTRAINT `out_patients_polyclinic_id_foreign` FOREIGN KEY (`polyclinic_id`) REFERENCES `polyclinics` (`id`) ON UPDATE CASCADE;

--
-- Ketidakleluasaan untuk tabel `oxygen_services`
--
ALTER TABLE `oxygen_services`
  ADD CONSTRAINT `oxygen_services_officer_id_foreign` FOREIGN KEY (`officer_id`) REFERENCES `employees` (`id`) ON UPDATE CASCADE,
  ADD CONSTRAINT `oxygen_services_oxygen_id_foreign` FOREIGN KEY (`oxygen_id`) REFERENCES `m_oxygens` (`id`) ON UPDATE CASCADE;

--
-- Ketidakleluasaan untuk tabel `patients`
--
ALTER TABLE `patients`
  ADD CONSTRAINT `patients_agama_id_foreign` FOREIGN KEY (`agama_id`) REFERENCES `m_agamas` (`id`) ON DELETE CASCADE ON UPDATE CASCADE,
  ADD CONSTRAINT `patients_district_id_foreign` FOREIGN KEY (`district_id`) REFERENCES `districts` (`id`) ON DELETE CASCADE ON UPDATE CASCADE,
  ADD CONSTRAINT `patients_education_id_foreign` FOREIGN KEY (`education_id`) REFERENCES `m_education` (`id`) ON DELETE CASCADE ON UPDATE CASCADE,
  ADD CONSTRAINT `patients_identity_number_id_foreign` FOREIGN KEY (`identity_number_id`) REFERENCES `m_identity_types` (`id`) ON DELETE CASCADE ON UPDATE CASCADE,
  ADD CONSTRAINT `patients_proffesion_id_foreign` FOREIGN KEY (`proffesion_id`) REFERENCES `m_professions` (`id`) ON DELETE CASCADE ON UPDATE CASCADE,
  ADD CONSTRAINT `patients_province_id_foreign` FOREIGN KEY (`province_id`) REFERENCES `provinces` (`id`) ON DELETE CASCADE ON UPDATE CASCADE,
  ADD CONSTRAINT `patients_regency_id_foreign` FOREIGN KEY (`regency_id`) REFERENCES `regencies` (`id`) ON DELETE CASCADE ON UPDATE CASCADE,
  ADD CONSTRAINT `patients_tribe_id_foreign` FOREIGN KEY (`tribe_id`) REFERENCES `m_tribes` (`id`) ON DELETE CASCADE ON UPDATE CASCADE,
  ADD CONSTRAINT `patients_village_id_foreign` FOREIGN KEY (`village_id`) REFERENCES `villages` (`id`) ON DELETE CASCADE ON UPDATE CASCADE;

--
-- Ketidakleluasaan untuk tabel `polyclinics`
--
ALTER TABLE `polyclinics`
  ADD CONSTRAINT `polyclinics_type_id_foreign` FOREIGN KEY (`type_id`) REFERENCES `m_policlinic_types` (`id`) ON UPDATE CASCADE;

--
-- Ketidakleluasaan untuk tabel `polyclinic_examination_actions`
--
ALTER TABLE `polyclinic_examination_actions`
  ADD CONSTRAINT `polyclinic_examination_actions_examination_action_id_foreign` FOREIGN KEY (`examination_action_id`) REFERENCES `m_examination_actions` (`id`) ON DELETE CASCADE ON UPDATE CASCADE,
  ADD CONSTRAINT `polyclinic_examination_actions_polyclinic_id_foreign` FOREIGN KEY (`polyclinic_id`) REFERENCES `polyclinics` (`id`) ON DELETE CASCADE ON UPDATE CASCADE;

--
-- Ketidakleluasaan untuk tabel `polyclinic_rooms`
--
ALTER TABLE `polyclinic_rooms`
  ADD CONSTRAINT `polyclinic_rooms_grade_id_foreign` FOREIGN KEY (`grade_id`) REFERENCES `m_room_grades` (`id`) ON DELETE CASCADE ON UPDATE CASCADE,
  ADD CONSTRAINT `polyclinic_rooms_polyclinic_id_foreign` FOREIGN KEY (`polyclinic_id`) REFERENCES `polyclinics` (`id`) ON DELETE CASCADE ON UPDATE CASCADE;

--
-- Ketidakleluasaan untuk tabel `prinatologist_services`
--
ALTER TABLE `prinatologist_services`
  ADD CONSTRAINT `prinatologist_services_medical_activity_id_foreign` FOREIGN KEY (`medical_activity_id`) REFERENCES `m_medical_activity_types` (`id`) ON UPDATE CASCADE,
  ADD CONSTRAINT `prinatologist_services_officer_id_foreign` FOREIGN KEY (`officer_id`) REFERENCES `employees` (`id`) ON UPDATE CASCADE;

--
-- Ketidakleluasaan untuk tabel `qualifications`
--
ALTER TABLE `qualifications`
  ADD CONSTRAINT `qualifications_category_id_foreign` FOREIGN KEY (`category_id`) REFERENCES `qualification_categories` (`id`) ON UPDATE CASCADE;

--
-- Ketidakleluasaan untuk tabel `receptions`
--
ALTER TABLE `receptions`
  ADD CONSTRAINT `receptions_payment_method_id_foreign` FOREIGN KEY (`payment_method_id`) REFERENCES `m_payment_methods` (`id`) ON UPDATE CASCADE,
  ADD CONSTRAINT `receptions_supplier_id_foreign` FOREIGN KEY (`supplier_id`) REFERENCES `suppliers` (`id`) ON UPDATE CASCADE;

--
-- Ketidakleluasaan untuk tabel `recipe_detail_services`
--
ALTER TABLE `recipe_detail_services`
  ADD CONSTRAINT `recipe_detail_services_medicine_id_foreign` FOREIGN KEY (`medicine_id`) REFERENCES `logistics` (`id`) ON UPDATE CASCADE,
  ADD CONSTRAINT `recipe_detail_services_office_id_foreign` FOREIGN KEY (`office_id`) REFERENCES `employees` (`id`) ON UPDATE CASCADE,
  ADD CONSTRAINT `recipe_detail_services_recipe_id_foreign` FOREIGN KEY (`recipe_id`) REFERENCES `recipe_services` (`id`) ON UPDATE CASCADE;

--
-- Ketidakleluasaan untuk tabel `regencies`
--
ALTER TABLE `regencies`
  ADD CONSTRAINT `regencies_province_id_foreign` FOREIGN KEY (`province_id`) REFERENCES `provinces` (`id`) ON DELETE CASCADE ON UPDATE CASCADE;

--
-- Ketidakleluasaan untuk tabel `role_with_users`
--
ALTER TABLE `role_with_users`
  ADD CONSTRAINT `role_with_users_role_id_foreign` FOREIGN KEY (`role_id`) REFERENCES `m_roles` (`id`),
  ADD CONSTRAINT `role_with_users_user_id_foreign` FOREIGN KEY (`user_id`) REFERENCES `users` (`id`);

--
-- Ketidakleluasaan untuk tabel `rooms`
--
ALTER TABLE `rooms`
  ADD CONSTRAINT `rooms_polyclinic_room_id_foreign` FOREIGN KEY (`polyclinic_room_id`) REFERENCES `polyclinic_rooms` (`id`) ON DELETE CASCADE ON UPDATE CASCADE;

--
-- Ketidakleluasaan untuk tabel `room_beds`
--
ALTER TABLE `room_beds`
  ADD CONSTRAINT `room_beds_room_id_foreign` FOREIGN KEY (`room_id`) REFERENCES `rooms` (`id`) ON DELETE CASCADE ON UPDATE CASCADE;

--
-- Ketidakleluasaan untuk tabel `room_services`
--
ALTER TABLE `room_services`
  ADD CONSTRAINT `room_services_room_bed_id_foreign` FOREIGN KEY (`room_bed_id`) REFERENCES `room_beds` (`id`) ON UPDATE CASCADE;

--
-- Ketidakleluasaan untuk tabel `support_action_services`
--
ALTER TABLE `support_action_services`
  ADD CONSTRAINT `support_action_services_officer_id_foreign` FOREIGN KEY (`officer_id`) REFERENCES `employees` (`id`) ON UPDATE CASCADE,
  ADD CONSTRAINT `support_action_services_support_id_foreign` FOREIGN KEY (`support_id`) REFERENCES `support_services` (`id`) ON DELETE CASCADE ON UPDATE CASCADE;

--
-- Ketidakleluasaan untuk tabel `support_services`
--
ALTER TABLE `support_services`
  ADD CONSTRAINT `support_services_polyclinic_id_foreign` FOREIGN KEY (`polyclinic_id`) REFERENCES `polyclinics` (`id`) ON UPDATE CASCADE;

--
-- Ketidakleluasaan untuk tabel `treatment_services`
--
ALTER TABLE `treatment_services`
  ADD CONSTRAINT `treatment_services_officer_id_foreign` FOREIGN KEY (`officer_id`) REFERENCES `employees` (`id`) ON UPDATE CASCADE,
  ADD CONSTRAINT `treatment_services_special_treatment_id_foreign` FOREIGN KEY (`special_treatment_id`) REFERENCES `m_special_treatments` (`id`) ON UPDATE CASCADE;

--
-- Ketidakleluasaan untuk tabel `villages`
--
ALTER TABLE `villages`
  ADD CONSTRAINT `villages_district_id_foreign` FOREIGN KEY (`district_id`) REFERENCES `districts` (`id`) ON DELETE CASCADE ON UPDATE CASCADE;

--
-- Ketidakleluasaan untuk tabel `visits`
--
ALTER TABLE `visits`
  ADD CONSTRAINT `visits_case_id_foreign` FOREIGN KEY (`case_id`) REFERENCES `m_case_types` (`id`) ON DELETE CASCADE ON UPDATE CASCADE,
  ADD CONSTRAINT `visits_disease_id_foreign` FOREIGN KEY (`disease_id`) REFERENCES `m_diseases` (`id`) ON DELETE CASCADE ON UPDATE CASCADE,
  ADD CONSTRAINT `visits_patient_id_foreign` FOREIGN KEY (`patient_id`) REFERENCES `patients` (`id`) ON UPDATE CASCADE,
  ADD CONSTRAINT `visits_payment_method_id_foreign` FOREIGN KEY (`payment_method_id`) REFERENCES `m_payment_methods` (`id`) ON DELETE CASCADE ON UPDATE CASCADE,
  ADD CONSTRAINT `visits_reference_type_id_foreign` FOREIGN KEY (`reference_type_id`) REFERENCES `m_reference_types` (`id`) ON DELETE CASCADE ON UPDATE CASCADE;

--
-- Ketidakleluasaan untuk tabel `visit_services`
--
ALTER TABLE `visit_services`
  ADD CONSTRAINT `visit_services_officer_id_foreign` FOREIGN KEY (`officer_id`) REFERENCES `employees` (`id`) ON UPDATE CASCADE,
  ADD CONSTRAINT `visit_services_visit_type_id_foreign` FOREIGN KEY (`visit_type_id`) REFERENCES `m_visit_types` (`id`) ON UPDATE CASCADE;
COMMIT;

/*!40101 SET CHARACTER_SET_CLIENT=@OLD_CHARACTER_SET_CLIENT */;
/*!40101 SET CHARACTER_SET_RESULTS=@OLD_CHARACTER_SET_RESULTS */;
/*!40101 SET COLLATION_CONNECTION=@OLD_COLLATION_CONNECTION */;
